Fondsposition per,"24.Feb.2022"
 
Emittententicker,Name,Sektor,Anlageklasse,Marktwert,Gewichtung (%),Nominalwert,Nominale,Kurs,Standort,Börse,Marktwährung
"NESN","NESTLE SA","Nichtzyklische Konsumgüter","Aktien","203.266.903,35","3,21","203.266.903,35","1.821.156,00","111,61","Schweiz","SIX Swiss Exchange","CHF"
"ROG","ROCHE HOLDING PAR AG","Gesundheitsversorgung","Aktien","149.822.986,98","2,36","149.822.986,98","454.521,00","329,63","Schweiz","SIX Swiss Exchange","CHF"
"ASML","ASML HOLDING NV","IT","Aktien","149.264.354,60","2,36","149.264.354,60","267.403,00","558,20","Niederlande","Euronext Amsterdam","EUR"
"NOVN","NOVARTIS AG","Gesundheitsversorgung","Aktien","119.914.518,09","1,89","119.914.518,09","1.572.496,00","76,26","Schweiz","SIX Swiss Exchange","CHF"
"SHELL","SHELL PLC","Energie","Aktien","116.650.487,95","1,84","116.650.487,95","4.986.129,00","23,40","Vereinigtes Königreich","Euronext Amsterdam","EUR"
"MC","LVMH","Zyklische Konsumgüter ","Aktien","108.083.287,10","1,71","108.083.287,10","169.969,00","635,90","Frankreich","Nyse Euronext - Euronext Paris","EUR"
"AZN","ASTRAZENECA PLC","Gesundheitsversorgung","Aktien","102.446.100,47","1,62","102.446.100,47","999.295,00","102,52","Vereinigtes Königreich","London Stock Exchange","GBP"
"NOVO B","NOVO NORDISK CLASS B","Gesundheitsversorgung","Aktien","92.646.402,69","1,46","92.646.402,69","1.072.451,00","86,39","Dänemark","Omx Nordic Exchange Copenhagen A/S","DKK"
"LIN","LINDE PLC","Materialien","Aktien","83.090.646,70","1,31","83.090.646,70","330.446,00","251,45","Vereinigte Staaten","Xetra","EUR"
"HSBA","HSBC HOLDINGS PLC","Financials","Aktien","82.098.267,82","1,30","82.098.267,82","13.378.617,00","6,14","Vereinigtes Königreich","London Stock Exchange","GBP"
"TTE","TOTALENERGIES","Energie","Aktien","81.122.289,08","1,28","81.122.289,08","1.703.534,00","47,62","Frankreich","Nyse Euronext - Euronext Paris","EUR"
"ULVR","UNILEVER PLC","Nichtzyklische Konsumgüter","Aktien","73.894.355,88","1,17","73.894.355,88","1.702.210,00","43,41","Vereinigtes Königreich","London Stock Exchange","GBP"
"SAP","SAP","IT","Aktien","68.882.877,28","1,09","68.882.877,28","706.636,00","97,48","Deutschland","Xetra","EUR"
"SAN","SANOFI SA","Gesundheitsversorgung","Aktien","66.783.274,89","1,05","66.783.274,89","740.309,00","90,21","Frankreich","Nyse Euronext - Euronext Paris","EUR"
"DGE","DIAGEO PLC","Nichtzyklische Konsumgüter","Aktien","63.226.032,43","1,00","63.226.032,43","1.501.494,00","42,11","Vereinigtes Königreich","London Stock Exchange","GBP"
"SIE","SIEMENS N AG","Industrie","Aktien","60.352.225,08","0,95","60.352.225,08","486.006,00","124,18","Deutschland","Xetra","EUR"
"GSK","GLAXOSMITHKLINE PLC","Gesundheitsversorgung","Aktien","58.568.442,62","0,92","58.568.442,62","3.256.856,00","17,98","Vereinigtes Königreich","London Stock Exchange","GBP"
"BP.","BP PLC","Energie","Aktien","55.843.149,85","0,88","55.843.149,85","12.795.215,00","4,36","Vereinigtes Königreich","London Stock Exchange","GBP"
"OR","LOREAL SA","Nichtzyklische Konsumgüter","Aktien","53.086.214,70","0,84","53.086.214,70","155.838,00","340,65","Frankreich","Nyse Euronext - Euronext Paris","EUR"
"ALV","ALLIANZ","Financials","Aktien","52.903.050,20","0,83","52.903.050,20","264.251,00","200,20","Deutschland","Xetra","EUR"
"BATS","BRITISH AMERICAN TOBACCO PLC","Nichtzyklische Konsumgüter","Aktien","52.296.584,82","0,83","52.296.584,82","1.355.579,00","38,58","Vereinigtes Königreich","London Stock Exchange","GBP"
"SU","SCHNEIDER ELECTRIC","Industrie","Aktien","49.668.774,20","0,78","49.668.774,20","368.135,00","134,92","Frankreich","Nyse Euronext - Euronext Paris","EUR"
"RIO","RIO TINTO PLC","Materialien","Aktien","45.466.738,84","0,72","45.466.738,84","696.196,00","65,31","Vereinigtes Königreich","London Stock Exchange","GBP"
"AI","LAIR LIQUIDE SOCIETE ANONYME POUR","Materialien","Aktien","44.331.553,34","0,70","44.331.553,34","306.623,00","144,58","Frankreich","Nyse Euronext - Euronext Paris","EUR"
"BNP","BNP PARIBAS SA","Financials","Aktien","41.121.820,32","0,65","41.121.820,32","746.448,00","55,09","Frankreich","Nyse Euronext - Euronext Paris","EUR"
"AIR","AIRBUS GROUP","Industrie","Aktien","41.040.075,72","0,65","41.040.075,72","376.791,00","108,92","Frankreich","Nyse Euronext - Euronext Paris","EUR"
"CFR","COMPAGNIE FINANCIERE RICHEMONT SA","Zyklische Konsumgüter ","Aktien","39.279.081,43","0,62","39.279.081,43","337.865,00","116,26","Schweiz","SIX Swiss Exchange","CHF"
"ZURN","ZURICH INSURANCE GROUP AG","Financials","Aktien","38.962.913,07","0,61","38.962.913,07","97.409,00","399,99","Schweiz","SIX Swiss Exchange","CHF"
"MBG","MERCEDES-BENZ GROUP N AG","Zyklische Konsumgüter ","Aktien","37.377.321,66","0,59","37.377.321,66","543.354,00","68,79","Deutschland","Xetra","EUR"
"BAS","BASF N","Materialien","Aktien","36.299.681,52","0,57","36.299.681,52","594.492,00","61,06","Deutschland","Xetra","EUR"
"DG","VINCI SA","Industrie","Aktien","35.717.912,62","0,56","35.717.912,62","383.981,00","93,02","Frankreich","Nyse Euronext - Euronext Paris","EUR"
"IBE","IBERDROLA SA","Versorger","Aktien","35.271.114,91","0,56","35.271.114,91","3.739.516,00","9,43","Spanien","Bolsa De Madrid","EUR"
"UBSG","UBS GROUP AG","Financials","Aktien","35.202.724,02","0,56","35.202.724,02","2.221.471,00","15,85","Schweiz","SIX Swiss Exchange","CHF"
"RKT","RECKITT BENCKISER GROUP PLC","Nichtzyklische Konsumgüter","Aktien","35.016.878,46","0,55","35.016.878,46","476.716,00","73,45","Vereinigtes Königreich","London Stock Exchange","GBP"
"DTE","DEUTSCHE TELEKOM N AG","Kommunikation","Aktien","34.964.744,00","0,55","34.964.744,00","2.243.343,00","15,59","Deutschland","Xetra","EUR"
"GLEN","GLENCORE PLC","Materialien","Aktien","34.951.748,61","0,55","34.951.748,61","6.929.247,00","5,04","Vereinigtes Königreich","London Stock Exchange","GBP"
"AAL","ANGLO AMERICAN PLC","Materialien","Aktien","34.831.575,37","0,55","34.831.575,37","811.075,00","42,94","Vereinigtes Königreich","London Stock Exchange","GBP"
"REL","RELX PLC","Industrie","Aktien","33.800.188,65","0,53","33.800.188,65","1.283.791,00","26,33","Vereinigtes Königreich","London Stock Exchange","GBP"
"SAN","BANCO SANTANDER SA","Financials","Aktien","33.544.600,55","0,53","33.544.600,55","11.224.561,00","2,99","Spanien","Bolsa De Madrid","EUR"
"CS","AXA SA","Financials","Aktien","32.670.427,68","0,52","32.670.427,68","1.331.856,00","24,53","Frankreich","Nyse Euronext - Euronext Paris","EUR"
"ADYEN","ADYEN NV","IT","Aktien","32.488.213,80","0,51","32.488.213,80","18.003,00","1.804,60","Niederlande","Euronext Amsterdam","EUR"
"BAYN","BAYER AG","Gesundheitsversorgung","Aktien","32.174.414,80","0,51","32.174.414,80","635.858,00","50,60","Deutschland","Xetra","EUR"
"ABBN","ABB LTD","Industrie","Aktien","31.505.052,43","0,50","31.505.052,43","1.084.977,00","29,04","Schweiz","SIX Swiss Exchange","CHF"
"ABI","ANHEUSER BUSCH INBEV SA","Nichtzyklische Konsumgüter","Aktien","31.326.740,98","0,49","31.326.740,98","576.071,00","54,38","Belgien","Nyse Euronext - Euronext Brussels","EUR"
"ENEL","ENEL","Versorger","Aktien","31.239.457,34","0,49","31.239.457,34","5.045.132,00","6,19","Italien","Borsa Italiana","EUR"
"EL","ESSILORLUXOTTICA SA","Zyklische Konsumgüter ","Aktien","30.609.384,00","0,48","30.609.384,00","194.025,00","157,76","Frankreich","Nyse Euronext - Euronext Paris","EUR"
"PRX","PROSUS NV","Zyklische Konsumgüter ","Aktien","30.209.433,26","0,48","30.209.433,26","563.714,00","53,59","Niederlande","Euronext Amsterdam","EUR"
"NG.","NATIONAL GRID PLC","Versorger","Aktien","29.434.411,23","0,46","29.434.411,23","2.340.878,00","12,57","Vereinigtes Königreich","London Stock Exchange","GBP"
"KER","KERING SA","Zyklische Konsumgüter ","Aktien","29.133.895,00","0,46","29.133.895,00","46.975,00","620,20","Frankreich","Nyse Euronext - Euronext Paris","EUR"
"LONN","LONZA GROUP AG","Gesundheitsversorgung","Aktien","28.550.067,63","0,45","28.550.067,63","48.227,00","591,99","Schweiz","SIX Swiss Exchange","CHF"
"ISP","INTESA SANPAOLO","Financials","Aktien","28.518.064,92","0,45","28.518.064,92","11.823.410,00","2,41","Italien","Borsa Italiana","EUR"
"INGA","ING GROEP NV","Financials","Aktien","28.116.107,60","0,44","28.116.107,60","2.521.624,00","11,15","Niederlande","Euronext Amsterdam","EUR"
"DPW","DEUTSCHE POST AG","Industrie","Aktien","27.911.590,35","0,44","27.911.590,35","638.490,00","43,72","Deutschland","Xetra","EUR"
"RMS","HERMES INTERNATIONAL","Zyklische Konsumgüter ","Aktien","27.458.475,00","0,43","27.458.475,00","22.825,00","1.203,00","Frankreich","Nyse Euronext - Euronext Paris","EUR"
"VOD","VODAFONE GROUP PLC","Kommunikation","Aktien","27.447.639,91","0,43","27.447.639,91","17.660.968,00","1,55","Vereinigtes Königreich","London Stock Exchange","GBP"
"SAF","SAFRAN SA","Industrie","Aktien","26.562.332,00","0,42","26.562.332,00","245.720,00","108,10","Frankreich","Nyse Euronext - Euronext Paris","EUR"
"LLOY","LLOYDS BANKING GROUP PLC","Financials","Aktien","25.541.425,78","0,40","25.541.425,78","45.936.605,00","0,56","Vereinigtes Königreich","London Stock Exchange","GBP"
"ADS","ADIDAS N AG","Zyklische Konsumgüter ","Aktien","25.398.729,00","0,40","25.398.729,00","120.860,00","210,15","Deutschland","Xetra","EUR"
"IFX","INFINEON TECHNOLOGIES AG","IT","Aktien","25.225.278,90","0,40","25.225.278,90","846.060,00","29,82","Deutschland","Xetra","EUR"
"RI","PERNOD RICARD SA","Nichtzyklische Konsumgüter","Aktien","24.993.712,80","0,39","24.993.712,80","132.804,00","188,20","Frankreich","Nyse Euronext - Euronext Paris","EUR"
"SIKA","SIKA AG","Materialien","Aktien","24.600.798,75","0,39","24.600.798,75","86.896,00","283,11","Schweiz","SIX Swiss Exchange","CHF"
"NDA FI","NORDEA BANK","Financials","Aktien","23.786.103,78","0,38","23.786.103,78","2.433.361,00","9,78","Schweden","Nasdaq Omx Helsinki Ltd.","EUR"
"PRU","PRUDENTIAL PLC","Financials","Aktien","23.676.468,65","0,37","23.676.468,65","1.776.782,00","13,33","Vereinigtes Königreich","London Stock Exchange","GBP"
"STLA","STELLANTIS NV","Zyklische Konsumgüter ","Aktien","23.471.226,59","0,37","23.471.226,59","1.463.841,00","16,03","Italien","Borsa Italiana","EUR"
"BBVA","BANCO BILBAO VIZCAYA ARGENTARIA SA","Financials","Aktien","22.872.661,89","0,36","22.872.661,89","4.316.411,00","5,30","Spanien","Bolsa De Madrid","EUR"
"BN","DANONE SA","Nichtzyklische Konsumgüter","Aktien","22.735.105,55","0,36","22.735.105,55","420.631,00","54,05","Frankreich","Nyse Euronext - Euronext Paris","EUR"
"CPG","COMPASS GROUP PLC","Zyklische Konsumgüter ","Aktien","22.537.700,40","0,36","22.537.700,40","1.154.634,00","19,52","Vereinigtes Königreich","London Stock Exchange","GBP"
"MUV2","MUENCHENER RUECKVERSICHERUNGS-GESE","Financials","Aktien","22.099.251,00","0,35","22.099.251,00","90.645,00","243,80","Deutschland","Xetra","EUR"
"ENI","ENI","Energie","Aktien","21.701.224,20","0,34","21.701.224,20","1.624.100,00","13,36","Italien","Borsa Italiana","EUR"
"BARC","BARCLAYS PLC","Financials","Aktien","21.633.596,18","0,34","21.633.596,18","10.094.692,00","2,14","Vereinigtes Königreich","London Stock Exchange","GBP"
"ALC","ALCON AG","Gesundheitsversorgung","Aktien","21.000.583,86","0,33","21.000.583,86","314.938,00","66,68","Schweiz","SIX Swiss Exchange","CHF"
"EXPN","EXPERIAN PLC","Industrie","Aktien","20.978.526,99","0,33","20.978.526,99","627.645,00","33,42","Vereinigtes Königreich","London Stock Exchange","GBP"
"VOW3","VOLKSWAGEN NON-VOTING PREF AG","Zyklische Konsumgüter ","Aktien","20.862.567,00","0,33","20.862.567,00","118.470,00","176,10","Deutschland","Xetra","EUR"
"INVE B","INVESTOR CLASS B","Financials","Aktien","20.625.472,72","0,33","20.625.472,72","1.177.892,00","17,51","Schweden","Nasdaq Omx Nordic","SEK"
"EUR","EUR CASH","Cash und/oder Derivate","Geldmarkt","20.443.835,64","0,32","20.443.835,64","20.443.836,00","100,00","Europäische Union","-","EUR"
"VNA","VONOVIA SE","Immobilien","Aktien","20.015.809,05","0,32","20.015.809,05","450.705,00","44,41","Deutschland","Xetra","EUR"
"CAP","CAPGEMINI","IT","Aktien","19.940.132,50","0,31","19.940.132,50","109.261,00","182,50","Frankreich","Nyse Euronext - Euronext Paris","EUR"
"FERG","FERGUSON PLC","Industrie","Aktien","19.913.043,91","0,31","19.913.043,91","150.244,00","132,54","Vereinigtes Königreich","London Stock Exchange","GBP"
"CRG","CRH PLC","Materialien","Aktien","19.852.827,54","0,31","19.852.827,54","514.722,00","38,57","Irland","Irish Stock Exchange - All Market","EUR"
"EQNR","EQUINOR","Energie","Aktien","19.842.181,31","0,31","19.842.181,31","691.907,00","28,68","Norwegen","Oslo Bors Asa","NOK"
"DSV","DSV","Industrie","Aktien","19.513.581,34","0,31","19.513.581,34","126.389,00","154,39","Dänemark","Omx Nordic Exchange Copenhagen A/S","DKK"
"DSY","DASSAULT SYSTEMES","IT","Aktien","19.016.443,17","0,30","19.016.443,17","465.291,00","40,87","Frankreich","Nyse Euronext - Euronext Paris","EUR"
"SGO","COMPAGNIE DE SAINT GOBAIN SA","Industrie","Aktien","18.782.306,88","0,30","18.782.306,88","344.756,00","54,48","Frankreich","Nyse Euronext - Euronext Paris","EUR"
"DB1","DEUTSCHE BOERSE AG","Financials","Aktien","18.684.072,00","0,29","18.684.072,00","122.760,00","152,20","Deutschland","Xetra","EUR"
"ATCO A","ATLAS COPCO CLASS A","Industrie","Aktien","18.275.274,97","0,29","18.275.274,97","416.759,00","43,85","Schweden","Nasdaq Omx Nordic","SEK"
"GIVN","GIVAUDAN SA","Materialien","Aktien","18.117.528,90","0,29","18.117.528,90","5.070,00","3.573,47","Schweiz","SIX Swiss Exchange","CHF"
"DSM","KONINKILIJKE DSM NV","Materialien","Aktien","17.979.629,25","0,28","17.979.629,25","113.115,00","158,95","Niederlande","Euronext Amsterdam","EUR"
"VOLV B","VOLVO CLASS B","Industrie","Aktien","17.781.420,38","0,28","17.781.420,38","1.028.304,00","17,29","Schweden","Nasdaq Omx Nordic","SEK"
"AD","KONINKLIJKE AHOLD DELHAIZE NV","Nichtzyklische Konsumgüter","Aktien","17.765.327,61","0,28","17.765.327,61","675.231,00","26,31","Niederlande","Euronext Amsterdam","EUR"
"BMW","BMW AG","Zyklische Konsumgüter ","Aktien","17.619.361,89","0,28","17.619.361,89","207.311,00","84,99","Deutschland","Xetra","EUR"
"UCG","UNICREDIT","Financials","Aktien","17.519.125,90","0,28","17.519.125,90","1.445.711,00","12,12","Italien","Borsa Italiana","EUR"
"PHIA","KONINKLIJKE PHILIPS NV","Gesundheitsversorgung","Aktien","17.440.175,76","0,28","17.440.175,76","587.607,00","29,68","Niederlande","Euronext Amsterdam","EUR"
"PGHN","PARTNERS GROUP HOLDING AG","Financials","Aktien","17.208.013,56","0,27","17.208.013,56","14.637,00","1.175,65","Schweiz","SIX Swiss Exchange","CHF"
"ERIC B","ERICSSON B","IT","Aktien","17.187.465,83","0,27","17.187.465,83","1.988.985,00","8,64","Schweden","Nasdaq Omx Nordic","SEK"
"AMS","AMADEUS IT GROUP SA","IT","Aktien","17.046.613,84","0,27","17.046.613,84","291.196,00","58,54","Spanien","Bolsa De Madrid","EUR"
"ITX","INDUSTRIA DE DISENO TEXTIL INDITEX","Zyklische Konsumgüter ","Aktien","17.001.342,54","0,27","17.001.342,54","718.569,00","23,66","Spanien","Bolsa De Madrid","EUR"
"TSCO","TESCO PLC","Nichtzyklische Konsumgüter","Aktien","16.694.618,10","0,26","16.694.618,10","4.997.450,00","3,34","Vereinigtes Königreich","London Stock Exchange","GBP"
"SREN","SWISS RE AG","Financials","Aktien","16.676.542,20","0,26","16.676.542,20","186.944,00","89,21","Schweiz","SIX Swiss Exchange","CHF"
"NOKIA","NOKIA","IT","Aktien","16.512.237,74","0,26","16.512.237,74","3.479.557,00","4,75","Finnland","Nasdaq Omx Helsinki Ltd.","EUR"
"RWE","RWE AG","Versorger","Aktien","16.493.260,41","0,26","16.493.260,41","437.371,00","37,71","Deutschland","Xetra","EUR"
"ENGI","ENGIE SA","Versorger","Aktien","16.486.220,52","0,26","16.486.220,52","1.201.970,00","13,72","Frankreich","Nyse Euronext - Euronext Paris","EUR"
"HOLN","HOLCIM LTD AG","Materialien","Aktien","16.208.550,34","0,26","16.208.550,34","366.341,00","44,24","Schweiz","SIX Swiss Exchange","CHF"
"AHT","ASHTEAD GROUP PLC","Industrie","Aktien","16.012.718,08","0,25","16.012.718,08","291.403,00","54,95","Vereinigtes Königreich","London Stock Exchange","GBP"
"LSEG","LONDON STOCK EXCHANGE GROUP PLC","Financials","Aktien","15.912.417,10","0,25","15.912.417,10","208.721,00","76,24","Vereinigtes Königreich","London Stock Exchange","GBP"
"VWS","VESTAS WIND SYSTEMS","Industrie","Aktien","15.837.157,58","0,25","15.837.157,58","653.693,00","24,23","Dänemark","Omx Nordic Exchange Copenhagen A/S","DKK"
"EOAN","E.ON N","Versorger","Aktien","15.706.035,96","0,25","15.706.035,96","1.366.693,00","11,49","Deutschland","Xetra","EUR"
"STM","STMICROELECTRONICS NV","IT","Aktien","15.663.423,72","0,25","15.663.423,72","427.029,00","36,68","Frankreich","Borsa Italiana","EUR"
"HEXA B","HEXAGON CLASS B","IT","Aktien","15.325.713,93","0,24","15.325.713,93","1.367.693,00","11,21","Schweden","Nasdaq Omx Nordic","SEK"
"GLE","SOCIETE GENERALE SA","Financials","Aktien","15.226.793,40","0,24","15.226.793,40","557.758,00","27,30","Frankreich","Nyse Euronext - Euronext Paris","EUR"
"TEF","TELEFONICA SA","Kommunikation","Aktien","15.220.449,49","0,24","15.220.449,49","3.653.054,00","4,17","Spanien","Bolsa De Madrid","EUR"
"BA.","BAE SYSTEMS PLC","Industrie","Aktien","15.124.974,94","0,24","15.124.974,94","2.004.019,00","7,55","Vereinigtes Königreich","London Stock Exchange","GBP"
"DBK","DEUTSCHE BANK AG","Financials","Aktien","15.054.755,12","0,24","15.054.755,12","1.337.012,00","11,26","Deutschland","Xetra","EUR"
"WKL","WOLTERS KLUWER NV","Industrie","Aktien","14.827.832,32","0,23","14.827.832,32","167.584,00","88,48","Niederlande","Euronext Amsterdam","EUR"
"ASSA B","ASSA ABLOY B","Industrie","Aktien","14.706.437,69","0,23","14.706.437,69","640.469,00","22,96","Schweden","Nasdaq Omx Nordic","SEK"
"MRK","MERCK","Gesundheitsversorgung","Aktien","14.330.101,50","0,23","14.330.101,50","83.655,00","171,30","Deutschland","Xetra","EUR"
"RACE","FERRARI NV","Zyklische Konsumgüter ","Aktien","14.312.271,00","0,23","14.312.271,00","76.028,00","188,25","Italien","Borsa Italiana","EUR"
"LR","LEGRAND SA","Industrie","Aktien","14.244.305,32","0,22","14.244.305,32","172.742,00","82,46","Frankreich","Nyse Euronext - Euronext Paris","EUR"
"ORA","ORANGE SA","Kommunikation","Aktien","14.120.933,99","0,22","14.120.933,99","1.317.743,00","10,72","Frankreich","Nyse Euronext - Euronext Paris","EUR"
"SAND","SANDVIK","Industrie","Aktien","14.055.901,73","0,22","14.055.901,73","709.019,00","19,82","Schweden","Nasdaq Omx Nordic","SEK"
"CLNX","CELLNEX TELECOM SA","Kommunikation","Aktien","13.807.729,12","0,22","13.807.729,12","348.592,00","39,61","Spanien","Bolsa De Madrid","EUR"
"HEIA","HEINEKEN NV","Nichtzyklische Konsumgüter","Aktien","13.751.748,84","0,22","13.751.748,84","153.926,00","89,34","Niederlande","Euronext Amsterdam","EUR"
"FLTR","FLUTTER ENTERTAINMENT PLC","Zyklische Konsumgüter ","Aktien","13.719.510,60","0,22","13.719.510,60","113.244,00","121,15","Irland","Irish Stock Exchange - All Market","EUR"
"ML","MICHELIN","Zyklische Konsumgüter ","Aktien","13.614.804,00","0,21","13.614.804,00","109.620,00","124,20","Frankreich","Nyse Euronext - Euronext Paris","EUR"
"SAMPO","SAMPO","Financials","Aktien","13.531.281,94","0,21","13.531.281,94","329.549,00","41,06","Finnland","Nasdaq Omx Helsinki Ltd.","EUR"
"GEBN","GEBERIT AG","Industrie","Aktien","13.286.371,23","0,21","13.286.371,23","23.164,00","573,58","Schweiz","SIX Swiss Exchange","CHF"
"G","ASSICURAZIONI GENERALI","Financials","Aktien","13.235.727,99","0,21","13.235.727,99","757.843,00","17,47","Italien","Borsa Italiana","EUR"
"KNEBV","KONE","Industrie","Aktien","13.218.055,20","0,21","13.218.055,20","262.263,00","50,40","Finnland","Nasdaq Omx Helsinki Ltd.","EUR"
"SSE","SSE PLC","Versorger","Aktien","12.986.454,85","0,20","12.986.454,85","686.313,00","18,92","Vereinigtes Königreich","London Stock Exchange","GBP"
"ORSTED","ORSTED","Versorger","Aktien","12.579.787,36","0,20","12.579.787,36","121.552,00","103,49","Dänemark","Omx Nordic Exchange Copenhagen A/S","DKK"
"VIE","VEOLIA ENVIRON. SA","Versorger","Aktien","12.412.464,84","0,20","12.412.464,84","417.366,00","29,74","Frankreich","Nyse Euronext - Euronext Paris","EUR"
"LGEN","LEGAL AND GENERAL GROUP PLC","Financials","Aktien","12.401.867,08","0,20","12.401.867,08","3.904.411,00","3,18","Vereinigtes Königreich","London Stock Exchange","GBP"
"EQT","EQT","Financials","Aktien","12.398.427,48","0,20","12.398.427,48","429.553,00","28,86","Schweden","Nasdaq Omx Nordic","SEK"
"TEP","TELEPERFORMANCE","Industrie","Aktien","12.165.080,40","0,19","12.165.080,40","38.004,00","320,10","Frankreich","Nyse Euronext - Euronext Paris","EUR"
"AV.","AVIVA PLC","Financials","Aktien","11.996.588,93","0,19","11.996.588,93","2.459.604,00","4,88","Vereinigtes Königreich","London Stock Exchange","GBP"
"GMAB","GENMAB","Gesundheitsversorgung","Aktien","11.960.312,46","0,19","11.960.312,46","42.345,00","282,45","Dänemark","Omx Nordic Exchange Copenhagen A/S","DKK"
"IMB","IMPERIAL BRANDS PLC","Nichtzyklische Konsumgüter","Aktien","11.869.931,38","0,19","11.869.931,38","612.799,00","19,37","Vereinigtes Königreich","London Stock Exchange","GBP"
"EVO","EVOLUTION","Zyklische Konsumgüter ","Aktien","11.592.674,79","0,18","11.592.674,79","124.022,00","93,47","Schweden","Nasdaq Omx Nordic","SEK"
"SOON","SONOVA HOLDING AG","Gesundheitsversorgung","Aktien","11.278.536,32","0,18","11.278.536,32","34.998,00","322,26","Schweiz","SIX Swiss Exchange","CHF"
"REP","REPSOL SA","Energie","Aktien","11.195.671,52","0,18","11.195.671,52","988.144,00","11,33","Spanien","Bolsa De Madrid","EUR"
"SLHN","SWISS LIFE HOLDING AG","Financials","Aktien","11.014.456,65","0,17","11.014.456,65","20.670,00","532,87","Schweiz","SIX Swiss Exchange","CHF"
"BT.A","BT GROUP PLC","Kommunikation","Aktien","10.968.362,66","0,17","10.968.362,66","4.889.146,00","2,24","Vereinigtes Königreich","London Stock Exchange","GBP"
"DNB","DNB BANK","Financials","Aktien","10.942.448,46","0,17","10.942.448,46","574.586,00","19,04","Norwegen","Oslo Bors Asa","NOK"
"SGRO","SEGRO REIT PLC","Immobilien","Aktien","10.853.086,58","0,17","10.853.086,58","738.944,00","14,69","Vereinigtes Königreich","London Stock Exchange","GBP"
"CSGN","CREDIT SUISSE GROUP AG","Financials","Aktien","10.667.335,90","0,17","10.667.335,90","1.461.261,00","7,30","Schweiz","SIX Swiss Exchange","CHF"
"KBC","KBC GROEP","Financials","Aktien","10.617.657,48","0,17","10.617.657,48","161.559,00","65,72","Belgien","Nyse Euronext - Euronext Brussels","EUR"
"ACA","CREDIT AGRICOLE SA","Financials","Aktien","10.601.855,62","0,17","10.601.855,62","893.917,00","11,86","Frankreich","Nyse Euronext - Euronext Paris","EUR"
"UPM","UPM-KYMMENE","Materialien","Aktien","10.540.159,50","0,17","10.540.159,50","345.579,00","30,50","Finnland","Nasdaq Omx Helsinki Ltd.","EUR"
"SEB A","SKANDINAVISKA ENSKILDA BANKEN","Financials","Aktien","10.509.796,26","0,17","10.509.796,26","1.047.459,00","10,03","Schweden","Nasdaq Omx Nordic","SEK"
"MAERSK B","A P MOLLER MAERSK B","Industrie","Aktien","10.331.984,61","0,16","10.331.984,61","3.679,00","2.808,37","Dänemark","Omx Nordic Exchange Copenhagen A/S","DKK"
"AKZA","AKZO NOBEL NV","Materialien","Aktien","10.293.735,42","0,16","10.293.735,42","122.457,00","84,06","Niederlande","Euronext Amsterdam","EUR"
"MT","ARCELORMITTAL SA","Materialien","Aktien","10.236.103,51","0,16","10.236.103,51","410.841,00","24,91","Frankreich","Euronext Amsterdam","EUR"
"KYGA","KERRY GROUP PLC","Nichtzyklische Konsumgüter","Aktien","10.105.839,70","0,16","10.105.839,70","99.418,00","101,65","Irland","Irish Stock Exchange - All Market","EUR"
"STMN","STRAUMANN HOLDING AG","Gesundheitsversorgung","Aktien","10.085.368,11","0,16","10.085.368,11","7.438,00","1.355,92","Schweiz","SIX Swiss Exchange","CHF"
"STAN","STANDARD CHARTERED PLC","Financials","Aktien","9.881.128,36","0,16","9.881.128,36","1.606.774,00","6,15","Vereinigtes Königreich","London Stock Exchange","GBP"
"SHL","SIEMENS HEALTHINEERS AG","Gesundheitsversorgung","Aktien","9.703.509,20","0,15","9.703.509,20","180.028,00","53,90","Deutschland","Xetra","EUR"
"COLO B","COLOPLAST B","Gesundheitsversorgung","Aktien","9.599.039,78","0,15","9.599.039,78","76.061,00","126,20","Dänemark","Omx Nordic Exchange Copenhagen A/S","DKK"
"UMG","UNIVERSAL MUSIC GROUP NV","Kommunikation","Aktien","9.584.232,93","0,15","9.584.232,93","489.641,00","19,57","Niederlande","Euronext Amsterdam","EUR"
"SGSN","SGS SA","Industrie","Aktien","9.546.574,60","0,15","9.546.574,60","3.918,00","2.436,59","Schweiz","SIX Swiss Exchange","CHF"
"NWG","NATWEST GROUP PLC","Financials","Aktien","9.501.658,35","0,15","9.501.658,35","3.521.032,00","2,70","Vereinigtes Königreich","London Stock Exchange","GBP"
"III","3I GROUP PLC","Financials","Aktien","9.390.621,64","0,15","9.390.621,64","631.157,00","14,88","Vereinigtes Königreich","London Stock Exchange","GBP"
"WPP","WPP PLC","Kommunikation","Aktien","9.339.666,40","0,15","9.339.666,40","756.132,00","12,35","Vereinigtes Königreich","London Stock Exchange","GBP"
"NESTE","NESTE","Energie","Aktien","9.171.513,50","0,14","9.171.513,50","277.085,00","33,10","Finnland","Nasdaq Omx Helsinki Ltd.","EUR"
"SY1","SYMRISE AG","Materialien","Aktien","8.833.038,90","0,14","8.833.038,90","85.841,00","102,90","Deutschland","Xetra","EUR"
"NN","NN GROUP NV","Financials","Aktien","8.821.102,32","0,14","8.821.102,32","205.812,00","42,86","Niederlande","Euronext Amsterdam","EUR"
"PAH3","PORSCHE AUTOMOBIL HOLDING PREF","Zyklische Konsumgüter ","Aktien","8.752.069,20","0,14","8.752.069,20","99.365,00","88,08","Deutschland","Xetra","EUR"
"ESSITY B","ESSITY CLASS B","Nichtzyklische Konsumgüter","Aktien","8.746.021,68","0,14","8.746.021,68","388.797,00","22,50","Schweden","Nasdaq Omx Nordic","SEK"
"PUB","PUBLICIS GROUPE SA","Kommunikation","Aktien","8.696.540,16","0,14","8.696.540,16","148.608,00","58,52","Frankreich","Nyse Euronext - Euronext Paris","EUR"
"CARL B","CARLSBERG AS CL B","Nichtzyklische Konsumgüter","Aktien","8.680.963,41","0,14","8.680.963,41","66.125,00","131,28","Dänemark","Omx Nordic Exchange Copenhagen A/S","DKK"
"KRX","KINGSPAN GROUP PLC","Industrie","Aktien","8.575.033,32","0,14","8.575.033,32","101.073,00","84,84","Irland","Irish Stock Exchange - All Market","EUR"
"SWED A","SWEDBANK","Financials","Aktien","8.566.265,06","0,14","8.566.265,06","599.113,00","14,30","Schweden","Nasdaq Omx Nordic","SEK"
"SCMN","SWISSCOM AG","Kommunikation","Aktien","8.560.684,93","0,14","8.560.684,93","16.442,00","520,66","Schweiz","SIX Swiss Exchange","CHF"
"SN.","SMITH AND NEPHEW PLC","Gesundheitsversorgung","Aktien","8.484.697,04","0,13","8.484.697,04","573.029,00","14,81","Vereinigtes Königreich","London Stock Exchange","GBP"
"FRE","FRESENIUS SE AND CO KGAA","Gesundheitsversorgung","Aktien","8.480.221,75","0,13","8.480.221,75","266.255,00","31,85","Deutschland","Xetra","EUR"
"ZAL","ZALANDO","Zyklische Konsumgüter ","Aktien","8.437.054,50","0,13","8.437.054,50","152.019,00","55,50","Deutschland","Xetra","EUR"
"KNIN","KUEHNE UND NAGEL INTERNATIONAL AG","Industrie","Aktien","8.365.653,53","0,13","8.365.653,53","36.236,00","230,87","Schweiz","SIX Swiss Exchange","CHF"
"CABK","CAIXABANK SA","Financials","Aktien","8.206.113,89","0,13","8.206.113,89","2.814.168,00","2,92","Spanien","Bolsa De Madrid","EUR"
"ARGX","ARGENX","Gesundheitsversorgung","Aktien","8.202.001,70","0,13","8.202.001,70","32.953,00","248,90","Belgien","Nyse Euronext - Euronext Brussels","EUR"
"SHB A","SVENSKA HANDELSBANKEN-A SHS","Financials","Aktien","8.192.455,86","0,13","8.192.455,86","995.383,00","8,23","Schweden","Nasdaq Omx Nordic","SEK"
"CNHI","CNH INDUSTRIAL NV","Industrie","Aktien","8.025.633,87","0,13","8.025.633,87","646.707,00","12,41","Italien","Borsa Italiana","EUR"
"FER","FERROVIAL SA","Industrie","Aktien","7.986.308,20","0,13","7.986.308,20","345.130,00","23,14","Spanien","Bolsa De Madrid","EUR"
"HEN3","HENKEL & KGAA PREF AG","Nichtzyklische Konsumgüter","Aktien","7.950.298,68","0,13","7.950.298,68","115.322,00","68,94","Deutschland","Xetra","EUR"
"ASM","ASM INTERNATIONAL NV","IT","Aktien","7.904.226,40","0,12","7.904.226,40","30.296,00","260,90","Niederlande","Euronext Amsterdam","EUR"
"CRDA","CRODA INTERNATIONAL PLC","Materialien","Aktien","7.781.620,70","0,12","7.781.620,70","91.826,00","84,74","Vereinigtes Königreich","London Stock Exchange","GBP"
"DTG","DAIMLER TRUCK HOLDING E AG","Industrie","Aktien","7.646.349,17","0,12","7.646.349,17","271.677,00","28,15","Deutschland","Xetra","EUR"
"EDP","EDP ENERGIAS DE PORTUGAL SA","Versorger","Aktien","7.569.912,58","0,12","7.569.912,58","1.881.191,00","4,02","Portugal","Nyse Euronext - Euronext Lisbon","EUR"
"UCB","UCB SA","Gesundheitsversorgung","Aktien","7.537.821,80","0,12","7.537.821,80","82.022,00","91,90","Belgien","Nyse Euronext - Euronext Brussels","EUR"
"BAER","JULIUS BAER GRUPPE AG","Financials","Aktien","7.457.180,63","0,12","7.457.180,63","145.281,00","51,33","Schweiz","SIX Swiss Exchange","CHF"
"NZYM B","NOVOZYMES B","Materialien","Aktien","7.407.454,70","0,12","7.407.454,70","136.216,00","54,38","Dänemark","Omx Nordic Exchange Copenhagen A/S","DKK"
"MONC","MONCLER","Zyklische Konsumgüter ","Aktien","7.387.415,30","0,12","7.387.415,30","141.793,00","52,10","Italien","Borsa Italiana","EUR"
"LOGN","LOGITECH INTERNATIONAL SA","IT","Aktien","7.375.288,71","0,12","7.375.288,71","114.121,00","64,63","Schweiz","SIX Swiss Exchange","CHF"
"ERF","EUROFINS SCIENTIFIC","Gesundheitsversorgung","Aktien","7.345.252,20","0,12","7.345.252,20","85.609,00","85,80","Frankreich","Nyse Euronext - Euronext Paris","EUR"
"SK3","SMURFIT KAPPA GROUP PLC","Materialien","Aktien","7.337.432,98","0,12","7.337.432,98","167.254,00","43,87","Irland","Irish Stock Exchange - All Market","EUR"
"NHY","NORSK HYDRO","Materialien","Aktien","7.259.296,98","0,11","7.259.296,98","888.706,00","8,17","Norwegen","Oslo Bors Asa","NOK"
"BNR","BRENNTAG","Industrie","Aktien","7.180.330,40","0,11","7.180.330,40","100.340,00","71,56","Deutschland","Xetra","EUR"
"ENT","ENTAIN PLC","Zyklische Konsumgüter ","Aktien","7.172.166,59","0,11","7.172.166,59","377.607,00","18,99","Vereinigtes Königreich","London Stock Exchange","GBP"
"IHG","INTERCONTINENTAL HOTELS GROUP PLC","Zyklische Konsumgüter ","Aktien","7.146.801,54","0,11","7.146.801,54","121.798,00","58,68","Vereinigtes Königreich","London Stock Exchange","GBP"
"FME","FRESENIUS MEDICAL CARE AG","Gesundheitsversorgung","Aktien","7.110.484,92","0,11","7.110.484,92","127.611,00","55,72","Deutschland","Xetra","EUR"
"BNZL","BUNZL","Industrie","Aktien","7.083.073,61","0,11","7.083.073,61","218.393,00","32,43","Vereinigtes Königreich","London Stock Exchange","GBP"
"WLN","WORLDLINE SA","IT","Aktien","7.059.434,54","0,11","7.059.434,54","151.279,00","46,66","Frankreich","Nyse Euronext - Euronext Paris","EUR"
"CA","CARREFOUR SA","Nichtzyklische Konsumgüter","Aktien","6.977.449,08","0,11","6.977.449,08","395.547,00","17,64","Frankreich","Nyse Euronext - Euronext Paris","EUR"
"RTO","RENTOKIL INITIAL PLC","Industrie","Aktien","6.974.667,61","0,11","6.974.667,61","1.202.352,00","5,80","Vereinigtes Königreich","London Stock Exchange","GBP"
"NXT","NEXT PLC","Zyklische Konsumgüter ","Aktien","6.966.644,43","0,11","6.966.644,43","86.373,00","80,66","Vereinigtes Königreich","London Stock Exchange","GBP"
"HM B","HENNES & MAURITZ","Zyklische Konsumgüter ","Aktien","6.875.041,88","0,11","6.875.041,88","454.980,00","15,11","Schweden","Nasdaq Omx Nordic","SEK"
"EPI A","EPIROC CLASS A","Industrie","Aktien","6.872.530,80","0,11","6.872.530,80","407.745,00","16,85","Schweden","Nasdaq Omx Nordic","SEK"
"AENA","AENA SME SA","Industrie","Aktien","6.701.767,60","0,11","6.701.767,60","47.564,00","140,90","Spanien","Bolsa De Madrid","EUR"
"MTX","MTU AERO ENGINES HOLDING AG","Industrie","Aktien","6.700.047,65","0,11","6.700.047,65","34.421,00","194,65","Deutschland","Xetra","EUR"
"LISN","CHOCOLADEFABRIKEN LINDT & SPRUENGL","Nichtzyklische Konsumgüter","Aktien","6.689.487,10","0,11","6.689.487,10","68,00","98.374,64","Schweiz","SIX Swiss Exchange","CHF"
"INF","INFORMA PLC","Kommunikation","Aktien","6.673.363,71","0,11","6.673.363,71","970.197,00","6,88","Vereinigtes Königreich","London Stock Exchange","GBP"
"HLMA","HALMA PLC","IT","Aktien","6.633.962,73","0,10","6.633.962,73","246.271,00","26,94","Vereinigtes Königreich","London Stock Exchange","GBP"
"DANSKE","DANSKE BANK","Financials","Aktien","6.612.532,20","0,10","6.612.532,20","444.341,00","14,88","Dänemark","Omx Nordic Exchange Copenhagen A/S","DKK"
"STERV","STORA ENSO CLASS R","Materialien","Aktien","6.611.032,35","0,10","6.611.032,35","397.059,00","16,65","Finnland","Nasdaq Omx Helsinki Ltd.","EUR"
"BOL","BOLIDEN","Materialien","Aktien","6.605.306,79","0,10","6.605.306,79","177.062,00","37,31","Schweden","Nasdaq Omx Nordic","SEK"
"RR.","ROLLS-ROYCE HOLDINGS PLC","Industrie","Aktien","6.585.909,12","0,10","6.585.909,12","5.385.021,00","1,22","Vereinigtes Königreich","London Stock Exchange","GBP"
"NIBE B","NIBE INDUSTRIER CLASS B","Industrie","Aktien","6.557.693,12","0,10","6.557.693,12","911.794,00","7,19","Schweden","Nasdaq Omx Nordic","SEK"
"OCDO","OCADO GROUP PLC","Nichtzyklische Konsumgüter","Aktien","6.514.164,11","0,10","6.514.164,11","411.712,00","15,82","Vereinigtes Königreich","London Stock Exchange","GBP"
"EDEN","EDENRED","IT","Aktien","6.511.450,76","0,10","6.511.450,76","159.751,00","40,76","Frankreich","Nyse Euronext - Euronext Paris","EUR"
"KPN","KONINKLIJKE KPN NV","Kommunikation","Aktien","6.490.867,36","0,10","6.490.867,36","2.162.181,00","3,00","Niederlande","Euronext Amsterdam","EUR"
"SPX","SPIRAX-SARCO ENGINEERING PLC","Industrie","Aktien","6.476.711,76","0,10","6.476.711,76","47.643,00","135,94","Vereinigtes Königreich","London Stock Exchange","GBP"
"QIA","QIAGEN NV","Gesundheitsversorgung","Aktien","6.428.778,75","0,10","6.428.778,75","149.125,00","43,11","Deutschland","Xetra","EUR"
"SWMA","SWEDISH MATCH","Nichtzyklische Konsumgüter","Aktien","6.390.474,51","0,10","6.390.474,51","1.023.260,00","6,25","Schweden","Nasdaq Omx Nordic","SEK"
"ITRK","INTERTEK GROUP PLC","Industrie","Aktien","6.374.274,86","0,10","6.374.274,86","104.710,00","60,88","Vereinigtes Königreich","London Stock Exchange","GBP"
"SRG","SNAM","Versorger","Aktien","6.337.789,22","0,10","6.337.789,22","1.332.028,00","4,76","Italien","Borsa Italiana","EUR"
"MOWI","MOWI","Nichtzyklische Konsumgüter","Aktien","6.298.426,12","0,10","6.298.426,12","291.530,00","21,60","Norwegen","Oslo Bors Asa","NOK"
"HNR1","HANNOVER RUECK","Financials","Aktien","6.257.607,30","0,10","6.257.607,30","38.843,00","161,10","Deutschland","Xetra","EUR"
"TRN","TERNA RETE ELETTRICA NAZIONALE","Versorger","Aktien","6.244.581,17","0,10","6.244.581,17","913.752,00","6,83","Italien","Borsa Italiana","EUR"
"EBS","ERSTE GROUP BANK AG","Financials","Aktien","6.227.960,40","0,10","6.227.960,40","192.221,00","32,40","Österreich","Wiener Boerse Ag","EUR"
"HO","THALES SA","Industrie","Aktien","6.069.801,84","0,10","6.069.801,84","68.694,00","88,36","Frankreich","Nyse Euronext - Euronext Paris","EUR"
"SRT3","SARTORIUS PREF AG","Gesundheitsversorgung","Aktien","6.054.081,00","0,10","6.054.081,00","15.807,00","383,00","Deutschland","Xetra","EUR"
"ADM","ADMIRAL GROUP PLC","Financials","Aktien","6.044.985,14","0,10","6.044.985,14","176.258,00","34,30","Vereinigtes Königreich","London Stock Exchange","GBP"
"EN","BOUYGUES SA","Industrie","Aktien","6.038.189,40","0,10","6.038.189,40","194.154,00","31,10","Frankreich","Nyse Euronext - Euronext Paris","EUR"
"BRBY","BURBERRY GROUP PLC","Zyklische Konsumgüter ","Aktien","5.967.412,37","0,09","5.967.412,37","262.365,00","22,74","Vereinigtes Königreich","London Stock Exchange","GBP"
"ENR","SIEMENS ENERGY N AG","Industrie","Aktien","5.938.053,75","0,09","5.938.053,75","304.750,00","19,48","Deutschland","Xetra","EUR"
"1COV","COVESTRO AG","Materialien","Aktien","5.884.764,16","0,09","5.884.764,16","124.256,00","47,36","Deutschland","Xetra","EUR"
"MNDI","MONDI PLC","Materialien","Aktien","5.868.967,35","0,09","5.868.967,35","291.747,00","20,12","Vereinigtes Königreich","London Stock Exchange","GBP"
"PNDORA","PANDORA","Zyklische Konsumgüter ","Aktien","5.838.592,33","0,09","5.838.592,33","64.775,00","90,14","Dänemark","Omx Nordic Exchange Copenhagen A/S","DKK"
"VIV","VIVENDI","Kommunikation","Aktien","5.684.208,73","0,09","5.684.208,73","509.566,00","11,15","Frankreich","Nyse Euronext - Euronext Paris","EUR"
"VACN","VAT GROUP AG","Industrie","Aktien","5.659.476,67","0,09","5.659.476,67","17.620,00","321,20","Schweiz","SIX Swiss Exchange","CHF"
"GBLB","GROUPE BRUXELLES LAMBERT NV","Financials","Aktien","5.647.033,90","0,09","5.647.033,90","63.265,00","89,26","Belgien","Nyse Euronext - Euronext Brussels","EUR"
"PSN","PERSIMMON PLC","Zyklische Konsumgüter ","Aktien","5.620.387,48","0,09","5.620.387,48","206.901,00","27,16","Vereinigtes Königreich","London Stock Exchange","GBP"
"FGR","EIFFAGE SA","Industrie","Aktien","5.605.804,00","0,09","5.605.804,00","63.100,00","88,84","Frankreich","Nyse Euronext - Euronext Paris","EUR"
"STJ","ST JAMESS PLACE PLC","Financials","Aktien","5.560.719,92","0,09","5.560.719,92","347.646,00","16,00","Vereinigtes Königreich","London Stock Exchange","GBP"
"FBK","FINECOBANK BANCA FINECO","Financials","Aktien","5.518.471,20","0,09","5.518.471,20","380.060,00","14,52","Italien","Borsa Italiana","EUR"
"RYA","RYANAIR HOLDINGS PLC","Industrie","Aktien","5.514.033,32","0,09","5.514.033,32","353.577,00","15,60","Irland","Irish Stock Exchange - All Market","EUR"
"BEI","BEIERSDORF AG","Nichtzyklische Konsumgüter","Aktien","5.505.475,68","0,09","5.505.475,68","63.603,00","86,56","Deutschland","Xetra","EUR"
"PUM","PUMA","Zyklische Konsumgüter ","Aktien","5.462.383,92","0,09","5.462.383,92","65.796,00","83,02","Deutschland","Xetra","EUR"
"HEI","HEIDELBERGCEMENT AG","Materialien","Aktien","5.434.713,24","0,09","5.434.713,24","95.749,00","56,76","Deutschland","Xetra","EUR"
"CON","CONTINENTAL AG","Zyklische Konsumgüter ","Aktien","5.387.161,50","0,09","5.387.161,50","68.670,00","78,45","Deutschland","Xetra","EUR"
"UU.","UNITED UTILITIES GROUP PLC","Versorger","Aktien","5.374.458,56","0,08","5.374.458,56","444.132,00","12,10","Vereinigtes Königreich","London Stock Exchange","GBP"
"SGE","SAGE GROUP PLC","IT","Aktien","5.364.504,92","0,08","5.364.504,92","664.505,00","8,07","Vereinigtes Königreich","London Stock Exchange","GBP"
"TEL","TELENOR","Kommunikation","Aktien","5.355.736,02","0,08","5.355.736,02","421.569,00","12,70","Norwegen","Oslo Bors Asa","NOK"
"FORTUM","FORTUM","Versorger","Aktien","5.310.235,95","0,08","5.310.235,95","283.515,00","18,73","Finnland","Nasdaq Omx Helsinki Ltd.","EUR"
"ATL","ATLANTIA","Industrie","Aktien","5.277.931,35","0,08","5.277.931,35","333.835,00","15,81","Italien","Borsa Italiana","EUR"
"AGN","AEGON NV","Financials","Aktien","5.272.419,97","0,08","5.272.419,97","1.211.772,00","4,35","Niederlande","Euronext Amsterdam","EUR"
"ABF","ASSOCIATED BRITISH FOODS PLC","Nichtzyklische Konsumgüter","Aktien","5.263.938,28","0,08","5.263.938,28","233.459,00","22,55","Vereinigtes Königreich","London Stock Exchange","GBP"
"SCA B","SVENSKA CELLULOSA B","Materialien","Aktien","5.252.819,98","0,08","5.252.819,98","361.636,00","14,53","Schweden","Nasdaq Omx Nordic","SEK"
"SCHP","SCHINDLER HOLDING PAR AG","Industrie","Aktien","5.231.448,94","0,08","5.231.448,94","26.498,00","197,43","Schweiz","SIX Swiss Exchange","CHF"
"ALFA","ALFA LAVAL","Industrie","Aktien","5.221.114,08","0,08","5.221.114,08","192.604,00","27,11","Schweden","Nasdaq Omx Nordic","SEK"
"TELIA","TELIA COMPANY","Kommunikation","Aktien","5.216.285,92","0,08","5.216.285,92","1.606.824,00","3,25","Schweden","Nasdaq Omx Nordic","SEK"
"DIM","SARTORIUS STEDIM BIOTECH SA","Gesundheitsversorgung","Aktien","5.209.064,00","0,08","5.209.064,00","15.596,00","334,00","Frankreich","Nyse Euronext - Euronext Paris","EUR"
"LEG","LEG IMMOBILIEN N","Immobilien","Aktien","5.172.045,10","0,08","5.172.045,10","46.303,00","111,70","Deutschland","Xetra","EUR"
"IMCD","IMCD NV","Industrie","Aktien","5.156.912,00","0,08","5.156.912,00","36.704,00","140,50","Niederlande","Euronext Amsterdam","EUR"
"HFG","HELLOFRESH","Nichtzyklische Konsumgüter","Aktien","5.138.480,63","0,08","5.138.480,63","111.779,00","45,97","Deutschland","Xetra","EUR"
"SVT","SEVERN TRENT PLC","Versorger","Aktien","5.107.321,66","0,08","5.107.321,66","157.185,00","32,49","Vereinigtes Königreich","London Stock Exchange","GBP"
"SKA B","SKANSKA B","Industrie","Aktien","5.096.789,38","0,08","5.096.789,38","259.418,00","19,65","Schweden","Nasdaq Omx Nordic","SEK"
"DHER","DELIVERY HERO","Zyklische Konsumgüter ","Aktien","5.024.510,71","0,08","5.024.510,71","113.651,00","44,21","Deutschland","Xetra","EUR"
"URW","UNIBAIL RODAMCO WE STAPLED UNITS","Immobilien","Aktien","4.979.033,73","0,08","4.979.033,73","75.819,00","65,67","Frankreich","Euronext Amsterdam","EUR"
"UHR","THE SWATCH GROUP AG","Zyklische Konsumgüter ","Aktien","4.963.116,76","0,08","4.963.116,76","18.689,00","265,56","Schweiz","SIX Swiss Exchange","CHF"
"AGS","AGEAS SA","Financials","Aktien","4.951.965,36","0,08","4.951.965,36","119.382,00","41,48","Belgien","Nyse Euronext - Euronext Brussels","EUR"
"AKE","ARKEMA SA","Materialien","Aktien","4.934.714,40","0,08","4.934.714,40","42.504,00","116,10","Frankreich","Nyse Euronext - Euronext Paris","EUR"
"NEXI","NEXI","IT","Aktien","4.905.046,60","0,08","4.905.046,60","402.053,00","12,20","Italien","Borsa Italiana","EUR"
"GBP","GBP CASH","Cash und/oder Derivate","Geldmarkt","4.904.460,96","0,08","4.904.460,96","4.105.614,00","119,46","Vereinigtes Königreich","-","GBP"
"RAND","RANDSTAD HOLDING","Industrie","Aktien","4.878.337,86","0,08","4.878.337,86","80.421,00","60,66","Niederlande","Euronext Amsterdam","EUR"
"PRY","PRYSMIAN","Industrie","Aktien","4.847.979,25","0,08","4.847.979,25","173.825,00","27,89","Italien","Borsa Italiana","EUR"
"VIFN","VIFOR PHARMA AG","Gesundheitsversorgung","Aktien","4.826.311,28","0,08","4.826.311,28","30.729,00","157,06","Schweiz","SIX Swiss Exchange","CHF"
"EXO","EXOR NV","Financials","Aktien","4.819.998,84","0,08","4.819.998,84","73.498,00","65,58","Italien","Borsa Italiana","EUR"
"CBK","COMMERZBANK AG","Financials","Aktien","4.805.586,27","0,08","4.805.586,27","643.232,00","7,47","Deutschland","Xetra","EUR"
"KGF","KINGFISHER PLC","Zyklische Konsumgüter ","Aktien","4.799.007,43","0,08","4.799.007,43","1.366.441,00","3,51","Vereinigtes Königreich","London Stock Exchange","GBP"
"AUTO","AUTO TRADER GROUP PLC","Kommunikation","Aktien","4.724.716,71","0,07","4.724.716,71","626.409,00","7,54","Vereinigtes Königreich","London Stock Exchange","GBP"
"UMI","UMICORE SA","Materialien","Aktien","4.716.483,82","0,07","4.716.483,82","131.819,00","35,78","Belgien","Nyse Euronext - Euronext Brussels","EUR"
"HEIO","HEINEKEN HOLDING NV","Nichtzyklische Konsumgüter","Aktien","4.689.108,30","0,07","4.689.108,30","65.399,00","71,70","Niederlande","Euronext Amsterdam","EUR"
"ELISA","ELISA","Kommunikation","Aktien","4.689.461,40","0,07","4.689.461,40","97.494,00","48,10","Finnland","Nasdaq Omx Helsinki Ltd.","EUR"
"GETI B","GETINGE B","Gesundheitsversorgung","Aktien","4.661.016,36","0,07","4.661.016,36","141.122,00","33,03","Schweden","Nasdaq Omx Nordic","SEK"
"BARN","BARRY CALLEBAUT AG","Nichtzyklische Konsumgüter","Aktien","4.649.044,28","0,07","4.649.044,28","2.324,00","2.000,45","Schweiz","SIX Swiss Exchange","CHF"
"YAR","YARA INTERNATIONAL","Materialien","Aktien","4.642.326,39","0,07","4.642.326,39","109.907,00","42,24","Norwegen","Oslo Bors Asa","NOK"
"SOLB","SOLVAY SA","Materialien","Aktien","4.583.967,36","0,07","4.583.967,36","46.284,00","99,04","Belgien","Nyse Euronext - Euronext Brussels","EUR"
"TRYG","TRYG","Financials","Aktien","4.552.566,87","0,07","4.552.566,87","233.658,00","19,48","Dänemark","Omx Nordic Exchange Copenhagen A/S","DKK"
"WTB","WHITBREAD PLC","Zyklische Konsumgüter ","Aktien","4.544.051,35","0,07","4.544.051,35","134.224,00","33,85","Vereinigtes Königreich","London Stock Exchange","GBP"
"KESKOB","KESKO CLASS B","Nichtzyklische Konsumgüter","Aktien","4.540.785,00","0,07","4.540.785,00","178.070,00","25,50","Finnland","Nasdaq Omx Helsinki Ltd.","EUR"
"MGGT","MEGGITT PLC","Industrie","Aktien","4.535.465,93","0,07","4.535.465,93","509.627,00","8,90","Vereinigtes Königreich","London Stock Exchange","GBP"
"MRO","MELROSE INDUSTRIES PLC","Industrie","Aktien","4.531.004,03","0,07","4.531.004,03","2.690.061,00","1,68","Vereinigtes Königreich","London Stock Exchange","GBP"
"DCC","DCC PLC","Industrie","Aktien","4.474.150,54","0,07","4.474.150,54","65.801,00","68,00","Vereinigtes Königreich","London Stock Exchange","GBP"
"SMIN","SMITHS GROUP PLC","Industrie","Aktien","4.470.916,92","0,07","4.470.916,92","256.700,00","17,42","Vereinigtes Königreich","London Stock Exchange","GBP"
"REE","RED ELECTRICA SA","Versorger","Aktien","4.455.232,95","0,07","4.455.232,95","271.495,00","16,41","Spanien","Bolsa De Madrid","EUR"
"BVI","BUREAU VERITAS SA","Industrie","Aktien","4.453.540,83","0,07","4.453.540,83","182.597,00","24,39","Frankreich","Nyse Euronext - Euronext Paris","EUR"
"ADEN","ADECCO GROUP AG","Industrie","Aktien","4.450.344,05","0,07","4.450.344,05","105.971,00","42,00","Schweiz","SIX Swiss Exchange","CHF"
"ALO","ALSTOM SA","Industrie","Aktien","4.415.700,51","0,07","4.415.700,51","198.637,00","22,23","Frankreich","Nyse Euronext - Euronext Paris","EUR"
"BDEV","BARRATT DEVELOPMENTS","Zyklische Konsumgüter ","Aktien","4.397.725,54","0,07","4.397.725,54","659.752,00","6,67","Vereinigtes Königreich","London Stock Exchange","GBP"
"VER","VERBUND AG","Versorger","Aktien","4.332.253,50","0,07","4.332.253,50","43.107,00","100,50","Österreich","Wiener Boerse Ag","EUR"
"ENX","EURONEXT NV","Financials","Aktien","4.284.403,90","0,07","4.284.403,90","53.858,00","79,55","Frankreich","Nyse Euronext - Euronext Paris","EUR"
"SPSN","SWISS PRIME SITE AG","Immobilien","Aktien","4.267.408,41","0,07","4.267.408,41","49.611,00","86,02","Schweiz","SIX Swiss Exchange","CHF"
"OMV","OMV AG","Energie","Aktien","4.224.965,00","0,07","4.224.965,00","92.450,00","45,70","Österreich","Wiener Boerse Ag","EUR"
"CHR","CHR HANSEN HOLDING","Materialien","Aktien","4.223.762,49","0,07","4.223.762,49","66.766,00","63,26","Dänemark","Omx Nordic Exchange Copenhagen A/S","DKK"
"RMV","RIGHTMOVE PLC","Kommunikation","Aktien","4.220.287,03","0,07","4.220.287,03","573.892,00","7,35","Vereinigtes Königreich","London Stock Exchange","GBP"
"BALN","BALOISE HOLDING AG","Financials","Aktien","4.185.676,14","0,07","4.185.676,14","28.319,00","147,80","Schweiz","SIX Swiss Exchange","CHF"
"ANTO","ANTOFAGASTA PLC","Materialien","Aktien","4.141.108,69","0,07","4.141.108,69","252.944,00","16,37","Vereinigtes Königreich","London Stock Exchange","GBP"
"LUNE","LUNDIN ENERGY","Energie","Aktien","4.134.901,44","0,07","4.134.901,44","124.629,00","33,18","Schweden","Nasdaq Omx Nordic","SEK"
"SW","SODEXO SA","Zyklische Konsumgüter ","Aktien","4.122.558,66","0,07","4.122.558,66","55.277,00","74,58","Frankreich","Nyse Euronext - Euronext Paris","EUR"
"MNG","M&G PLC","Financials","Aktien","4.040.460,69","0,06","4.040.460,69","1.680.250,00","2,40","Vereinigtes Königreich","London Stock Exchange","GBP"
"SKF B","SKF B","Industrie","Aktien","4.015.417,37","0,06","4.015.417,37","244.533,00","16,42","Schweden","Nasdaq Omx Nordic","SEK"
"PKO","POWSZECHNA KASA OSZCZEDNOSCI BANK","Financials","Aktien","4.007.330,27","0,06","4.007.330,27","524.805,00","7,64","Polen","Warsaw Stock Exchange/Equities/Main Market","PLN"
"SIGN","SIG COMBIBLOC GROUP AG","Materialien","Aktien","4.005.033,60","0,06","4.005.033,60","207.339,00","19,32","Schweiz","SIX Swiss Exchange","CHF"
"ORK","ORKLA","Nichtzyklische Konsumgüter","Aktien","3.996.505,72","0,06","3.996.505,72","490.216,00","8,15","Norwegen","Oslo Bors Asa","NOK"
"GET","GETLINK","Industrie","Aktien","3.990.793,50","0,06","3.990.793,50","283.035,00","14,10","Frankreich","Nyse Euronext - Euronext Paris","EUR"
"TWODF","TAYLOR WIMPEY PLC","Zyklische Konsumgüter ","Aktien","3.969.874,64","0,06","3.969.874,64","2.356.918,00","1,68","Vereinigtes Königreich","London Stock Exchange","GBP"
"RNO","RENAULT SA","Zyklische Konsumgüter ","Aktien","3.918.489,66","0,06","3.918.489,66","134.103,00","29,22","Frankreich","Nyse Euronext - Euronext Paris","EUR"
"LAND","LAND SECURITIES GROUP REIT PLC","Immobilien","Aktien","3.897.246,06","0,06","3.897.246,06","433.146,00","9,00","Vereinigtes Königreich","London Stock Exchange","GBP"
"AC","ACCOR SA","Zyklische Konsumgüter ","Aktien","3.841.141,92","0,06","3.841.141,92","126.896,00","30,27","Frankreich","Nyse Euronext - Euronext Paris","EUR"
"BME","B&M EUROPEAN VALUE RETAIL SA","Zyklische Konsumgüter ","Aktien","3.833.371,40","0,06","3.833.371,40","554.612,00","6,91","Vereinigtes Königreich","London Stock Exchange","GBP"
"EMSN","EMS-CHEMIE HOLDING AG","Materialien","Aktien","3.796.331,42","0,06","3.796.331,42","4.406,00","861,63","Schweiz","SIX Swiss Exchange","CHF"
"TEMN","TEMENOS AG","IT","Aktien","3.745.782,01","0,06","3.745.782,01","43.076,00","86,96","Schweiz","SIX Swiss Exchange","CHF"
"BALD B","FASTIGHETS BALDER B","Immobilien","Aktien","3.744.185,28","0,06","3.744.185,28","71.270,00","52,54","Schweden","Nasdaq Omx Nordic","SEK"
"ELE","ENDESA SA","Versorger","Aktien","3.743.217,18","0,06","3.743.217,18","205.164,00","18,25","Spanien","Bolsa De Madrid","EUR"
"CAST","CASTELLUM","Immobilien","Aktien","3.732.845,40","0,06","3.732.845,40","199.079,00","18,75","Schweden","Nasdaq Omx Nordic","SEK"
"GN","GN STORE NORD","Gesundheitsversorgung","Aktien","3.692.265,12","0,06","3.692.265,12","83.596,00","44,17","Dänemark","Omx Nordic Exchange Copenhagen A/S","DKK"
"G1A","GEA GROUP AG","Industrie","Aktien","3.681.612,48","0,06","3.681.612,48","95.676,00","38,48","Deutschland","Xetra","EUR"
"ABN","ABN AMRO BANK NV","Financials","Aktien","3.676.679,83","0,06","3.676.679,83","307.569,00","11,95","Niederlande","Euronext Amsterdam","EUR"
"TEL2 B","TELE2 B","Kommunikation","Aktien","3.676.164,10","0,06","3.676.164,10","324.819,00","11,32","Schweden","Nasdaq Omx Nordic","SEK"
"ICP","INTERMEDIATE CAPITAL GROUP PLC","Financials","Aktien","3.670.115,59","0,06","3.670.115,59","187.967,00","19,53","Vereinigtes Königreich","London Stock Exchange","GBP"
"SMDS","SMITH (DS) PLC","Materialien","Aktien","3.621.127,09","0,06","3.621.127,09","914.147,00","3,96","Vereinigtes Königreich","London Stock Exchange","GBP"
"LIGHT","SIGNIFY NV","Industrie","Aktien","3.611.496,58","0,06","3.611.496,58","83.042,00","43,49","Niederlande","Euronext Amsterdam","EUR"
"ECM","ELECTROCOMPONENTS PLC","Industrie","Aktien","3.606.018,20","0,06","3.606.018,20","316.256,00","11,40","Vereinigtes Königreich","London Stock Exchange","GBP"
"MB","MEDIOBANCA BANCA DI CREDITO FINANZ","Financials","Aktien","3.592.910,82","0,06","3.592.910,82","384.433,00","9,35","Italien","Borsa Italiana","EUR"
"MOCORP","METSO OUTOTEC CORP","Industrie","Aktien","3.581.559,77","0,06","3.581.559,77","454.859,00","7,87","Finnland","Nasdaq Omx Helsinki Ltd.","EUR"
"SBRY","SAINSBURY(J) PLC","Nichtzyklische Konsumgüter","Aktien","3.574.169,72","0,06","3.574.169,72","1.124.813,00","3,18","Vereinigtes Königreich","London Stock Exchange","GBP"
"HWDN","HOWDEN JOINERY GROUP PLC","Industrie","Aktien","3.547.335,69","0,06","3.547.335,69","389.908,00","9,10","Vereinigtes Königreich","London Stock Exchange","GBP"
"ASRNL","ASR NEDERLAND NV","Financials","Aktien","3.508.322,30","0,06","3.508.322,30","91.315,00","38,42","Niederlande","Euronext Amsterdam","EUR"
"BIRG","BANK OF IRELAND GROUP PLC","Financials","Aktien","3.500.395,99","0,06","3.500.395,99","632.983,00","5,53","Irland","Irish Stock Exchange - All Market","EUR"
"PSON","PEARSON PLC","Kommunikation","Aktien","3.490.876,13","0,06","3.490.876,13","487.046,00","7,17","Vereinigtes Königreich","London Stock Exchange","GBP"
"BESI","BE SEMICONDUCTOR INDUSTRIES NV","IT","Aktien","3.442.821,80","0,05","3.442.821,80","46.714,00","73,70","Niederlande","Euronext Amsterdam","EUR"
"ABDN","ABRDN PLC","Financials","Aktien","3.434.920,21","0,05","3.434.920,21","1.417.867,00","2,42","Vereinigtes Königreich","London Stock Exchange","GBP"
"BLND","BRITISH LAND REIT PLC","Immobilien","Aktien","3.426.583,98","0,05","3.426.583,98","567.337,00","6,04","Vereinigtes Königreich","London Stock Exchange","GBP"
"LI","KLEPIERRE REIT SA","Immobilien","Aktien","3.425.077,76","0,05","3.425.077,76","135.808,00","25,22","Frankreich","Nyse Euronext - Euronext Paris","EUR"
"KINV B","KINNEVIK CLASS B","Financials","Aktien","3.420.489,92","0,05","3.420.489,92","157.042,00","21,78","Schweden","Nasdaq Omx Nordic","SEK"
"TKWY","JUST EAT TAKEAWAY.COM NV","Zyklische Konsumgüter ","Aktien","3.413.981,94","0,05","3.413.981,94","104.196,00","32,77","Niederlande","Euronext Amsterdam","EUR"
"GFC","GECINA SA","Immobilien","Aktien","3.387.413,95","0,05","3.387.413,95","30.697,00","110,35","Frankreich","Nyse Euronext - Euronext Paris","EUR"
"BKG","BERKELEY GROUP HOLDINGS (THE) PLC","Zyklische Konsumgüter ","Aktien","3.378.354,09","0,05","3.378.354,09","75.275,00","44,88","Vereinigtes Königreich","London Stock Exchange","GBP"
"ACS","ACS ACTIVIDADES DE CONSTRUCCION Y","Industrie","Aktien","3.370.273,65","0,05","3.370.273,65","159.351,00","21,15","Spanien","Bolsa De Madrid","EUR"
"KBX","KNORR BREMSE AG","Industrie","Aktien","3.363.705,28","0,05","3.363.705,28","42.557,00","79,04","Deutschland","Xetra","EUR"
"EVK","EVONIK INDUSTRIES AG","Materialien","Aktien","3.361.338,75","0,05","3.361.338,75","124.725,00","26,95","Deutschland","Xetra","EUR"
"SOF","SOFINA SA","Financials","Aktien","3.333.972,00","0,05","3.333.972,00","10.030,00","332,40","Belgien","Nyse Euronext - Euronext Brussels","EUR"
"PHNX","PHOENIX GROUP HOLDINGS PLC","Financials","Aktien","3.333.381,79","0,05","3.333.381,79","473.758,00","7,04","Vereinigtes Königreich","London Stock Exchange","GBP"
"KGX","KION GROUP AG","Industrie","Aktien","3.331.150,68","0,05","3.331.150,68","46.189,00","72,12","Deutschland","Xetra","EUR"
"PSPN","PSP SWISS PROPERTY AG","Immobilien","Aktien","3.297.387,47","0,05","3.297.387,47","29.765,00","110,78","Schweiz","SIX Swiss Exchange","CHF"
"AT1","AROUNDTOWN SA","Immobilien","Aktien","3.293.297,77","0,05","3.293.297,77","638.979,00","5,15","Deutschland","Xetra","EUR"
"TEN","TENARIS SA","Energie","Aktien","3.292.024,18","0,05","3.292.024,18","304.676,00","10,81","Italien","Borsa Italiana","EUR"
"INDT","INDUTRADE","Industrie","Aktien","3.286.687,44","0,05","3.286.687,44","173.385,00","18,96","Schweden","Nasdaq Omx Nordic","SEK"
"CNA","CENTRICA PLC","Versorger","Aktien","3.285.633,37","0,05","3.285.633,37","3.811.618,00","0,86","Vereinigtes Königreich","London Stock Exchange","GBP"
"CPR","DAVIDE CAMPARI MILANO NV","Nichtzyklische Konsumgüter","Aktien","3.280.134,77","0,05","3.280.134,77","346.664,00","9,46","Italien","Borsa Italiana","EUR"
"DPH","DECHRA PHARMACEUTICALS PLC","Gesundheitsversorgung","Aktien","3.254.153,29","0,05","3.254.153,29","69.849,00","46,59","Vereinigtes Königreich","London Stock Exchange","GBP"
"SCR","SCOR","Financials","Aktien","3.242.191,68","0,05","3.242.191,68","111.072,00","29,19","Frankreich","Nyse Euronext - Euronext Paris","EUR"
"NTGY","NATURGY ENERGY SA","Versorger","Aktien","3.217.184,68","0,05","3.217.184,68","142.859,00","22,52","Spanien","Bolsa De Madrid","EUR"
"FR","VALEO","Zyklische Konsumgüter ","Aktien","3.214.761,21","0,05","3.214.761,21","136.161,00","23,61","Frankreich","Nyse Euronext - Euronext Paris","EUR"
"AVST","AVAST PLC","IT","Aktien","3.203.367,75","0,05","3.203.367,75","431.125,00","7,43","Vereinigtes Königreich","London Stock Exchange","GBP"
"CCH","COCA COLA HBC AG","Nichtzyklische Konsumgüter","Aktien","3.178.039,31","0,05","3.178.039,31","130.220,00","24,41","Vereinigtes Königreich","London Stock Exchange","GBP"
"TOM","TOMRA SYSTEMS","Industrie","Aktien","3.108.615,98","0,05","3.108.615,98","78.395,00","39,65","Norwegen","Oslo Bors Asa","NOK"
"AFX","CARL ZEISS MEDITEC AG","Gesundheitsversorgung","Aktien","3.093.199,85","0,05","3.093.199,85","23.803,00","129,95","Deutschland","Xetra","EUR"
"BEAN","BELIMO N AG","Industrie","Aktien","3.083.250,71","0,05","3.083.250,71","6.600,00","467,16","Schweiz","SIX Swiss Exchange","CHF"
"EDPR","EDP RENOVAVEIS SA","Versorger","Aktien","3.074.662,92","0,05","3.074.662,92","155.758,00","19,74","Portugal","Nyse Euronext - Euronext Lisbon","EUR"
"WRT1V","WARTSILA","Industrie","Aktien","3.062.647,98","0,05","3.062.647,98","317.768,00","9,64","Finnland","Nasdaq Omx Helsinki Ltd.","EUR"
"WEIR","WEIR GROUP PLC","Industrie","Aktien","3.058.283,29","0,05","3.058.283,29","168.154,00","18,19","Vereinigtes Königreich","London Stock Exchange","GBP"
"GALP","GALP ENERGIA SGPS SA","Energie","Aktien","3.057.174,91","0,05","3.057.174,91","319.989,00","9,55","Portugal","Nyse Euronext - Euronext Lisbon","EUR"
"PST","POSTE ITALIANE","Financials","Aktien","3.053.043,52","0,05","3.053.043,52","304.088,00","10,04","Italien","Borsa Italiana","EUR"
"BAMI","BANCO BPM","Financials","Aktien","3.044.931,89","0,05","3.044.931,89","987.332,00","3,08","Italien","Borsa Italiana","EUR"
"AALB","AALBERTS NV","Industrie","Aktien","3.045.353,22","0,05","3.045.353,22","61.973,00","49,14","Niederlande","Euronext Amsterdam","EUR"
"EO","FAURECIA","Zyklische Konsumgüter ","Aktien","3.040.596,00","0,05","3.040.596,00","84.461,00","36,00","Frankreich","Nyse Euronext - Euronext Paris","EUR"
"ITV","ITV PLC","Kommunikation","Aktien","3.030.440,41","0,05","3.030.440,41","2.350.011,00","1,29","Vereinigtes Königreich","London Stock Exchange","GBP"
"NEM","NEMETSCHEK","IT","Aktien","3.018.975,00","0,05","3.018.975,00","40.253,00","75,00","Deutschland","Xetra","EUR"
"BIM","BIOMERIEUX SA","Gesundheitsversorgung","Aktien","3.017.102,70","0,05","3.017.102,70","31.659,00","95,30","Frankreich","Nyse Euronext - Euronext Paris","EUR"
"RXL","REXEL SA","Industrie","Aktien","3.007.440,60","0,05","3.007.440,60","156.760,00","19,18","Frankreich","Nyse Euronext - Euronext Paris","EUR"
"BBOX","TRITAX BIG BOX REIT PLC","Immobilien","Aktien","3.005.541,09","0,05","3.005.541,09","1.112.287,00","2,70","Vereinigtes Königreich","London Stock Exchange","GBP"
"UBI","UBISOFT ENTERTAINMENT SA CAT A","Kommunikation","Aktien","2.994.628,00","0,05","2.994.628,00","65.816,00","45,50","Frankreich","Nyse Euronext - Euronext Paris","EUR"
"ALLFG","ALLFUNDS GROUP PLC","Financials","Aktien","2.988.201,95","0,05","2.988.201,95","262.077,00","11,40","Vereinigtes Königreich","Euronext Amsterdam","EUR"
"AMP","AMPLIFON","Gesundheitsversorgung","Aktien","2.982.163,20","0,05","2.982.163,20","81.280,00","36,69","Italien","Borsa Italiana","EUR"
"JMT","JERONIMO MARTINS SA","Nichtzyklische Konsumgüter","Aktien","2.973.942,84","0,05","2.973.942,84","158.568,00","18,75","Portugal","Nyse Euronext - Euronext Lisbon","EUR"
"FI.N","GEORG FISCHER AG","Industrie","Aktien","2.967.445,62","0,05","2.967.445,62","2.667,00","1.112,65","Schweiz","SIX Swiss Exchange","CHF"
"SDR","SCHRODERS PLC","Financials","Aktien","2.962.077,08","0,05","2.962.077,08","83.714,00","35,38","Vereinigtes Königreich","London Stock Exchange","GBP"
"IMI","IMI PLC","Industrie","Aktien","2.959.453,33","0,05","2.959.453,33","165.271,00","17,91","Vereinigtes Königreich","London Stock Exchange","GBP"
"JD.","JD SPORTS FASHION PLC","Zyklische Konsumgüter ","Aktien","2.928.327,90","0,05","2.928.327,90","1.596.975,00","1,83","Vereinigtes Königreich","London Stock Exchange","GBP"
"HL.","HARGREAVES LANSDOWN PLC","Financials","Aktien","2.921.859,34","0,05","2.921.859,34","227.318,00","12,85","Vereinigtes Königreich","London Stock Exchange","GBP"
"TREL B","TRELLEBORG B","Industrie","Aktien","2.913.162,43","0,05","2.913.162,43","158.562,00","18,37","Schweden","Nasdaq Omx Nordic","SEK"
"GRF","GRIFOLS SA CLASS A","Gesundheitsversorgung","Aktien","2.879.567,44","0,05","2.879.567,44","190.196,00","15,14","Spanien","Bolsa De Madrid","EUR"
"SXS","SPECTRIS PLC","IT","Aktien","2.875.318,81","0,05","2.875.318,81","79.675,00","36,09","Vereinigtes Königreich","London Stock Exchange","GBP"
"WDP","WAREHOUSES DE PAUW NV","Immobilien","Aktien","2.859.964,80","0,05","2.859.964,80","85.118,00","33,60","Belgien","Nyse Euronext - Euronext Brussels","EUR"
"IAG","INTERNATIONAL AIRLINES GROUP SA","Industrie","Aktien","2.852.773,27","0,05","2.852.773,27","1.620.155,00","1,76","Spanien","London Stock Exchange","GBP"
"RHM","RHEINMETALL AG","Industrie","Aktien","2.848.223,40","0,04","2.848.223,40","28.468,00","100,05","Deutschland","Xetra","EUR"
"LIFCO B","LIFCO CLASS B","Industrie","Aktien","2.845.672,78","0,04","2.845.672,78","147.504,00","19,29","Schweden","Nasdaq Omx Nordic","SEK"
"SBB B","SAMHALLSBYGGNADSBOLAGET I NORDEN C","Immobilien","Aktien","2.842.995,65","0,04","2.842.995,65","742.577,00","3,83","Schweden","Nasdaq Omx Nordic","SEK"
"REC","RECORDATI INDUSTRIA CHIMICA E FARM","Gesundheitsversorgung","Aktien","2.840.898,90","0,04","2.840.898,90","65.534,00","43,35","Italien","Borsa Italiana","EUR"
"SAGA B","SAGAX CLASS B","Immobilien","Aktien","2.831.660,39","0,04","2.831.660,39","124.178,00","22,80","Schweden","Nasdaq Omx Nordic","SEK"
"TECN","TECAN GROUP AG","Gesundheitsversorgung","Aktien","2.830.469,31","0,04","2.830.469,31","7.649,00","370,04","Schweiz","SIX Swiss Exchange","CHF"
"SAB","BANCO DE SABADELL SA","Financials","Aktien","2.810.292,45","0,04","2.810.292,45","3.614.989,00","0,78","Spanien","Bolsa De Madrid","EUR"
"ORNBV","ORION CLASS B","Gesundheitsversorgung","Aktien","2.790.403,20","0,04","2.790.403,20","67.860,00","41,12","Finnland","Nasdaq Omx Helsinki Ltd.","EUR"
"HUSQ B","HUSQVARNA","Industrie","Aktien","2.770.089,44","0,04","2.770.089,44","271.160,00","10,22","Schweden","Nasdaq Omx Nordic","SEK"
"SK","SEB SA","Zyklische Konsumgüter ","Aktien","2.720.120,00","0,04","2.720.120,00","20.924,00","130,00","Frankreich","Nyse Euronext - Euronext Paris","EUR"
"PKN","POLSKI KONCERN NAFTOWY ORLEN SA","Energie","Aktien","2.704.024,31","0,04","2.704.024,31","202.203,00","13,37","Polen","Warsaw Stock Exchange/Equities/Main Market","PLN"
"KGH","KGHM POLSKA MIEDZ SA","Materialien","Aktien","2.673.415,66","0,04","2.673.415,66","88.389,00","30,25","Polen","Warsaw Stock Exchange/Equities/Main Market","PLN"
"ENG","ENAGAS SA","Versorger","Aktien","2.663.351,82","0,04","2.663.351,82","146.499,00","18,18","Spanien","Bolsa De Madrid","EUR"
"TATE","TATE AND LYLE PLC","Nichtzyklische Konsumgüter","Aktien","2.660.007,70","0,04","2.660.007,70","305.033,00","8,72","Vereinigtes Königreich","London Stock Exchange","GBP"
"G24","SCOUT24 N","Kommunikation","Aktien","2.658.958,25","0,04","2.658.958,25","53.989,00","49,25","Deutschland","Xetra","EUR"
"JMAT","JOHNSON MATTHEY PLC","Materialien","Aktien","2.646.923,05","0,04","2.646.923,05","128.750,00","20,56","Vereinigtes Königreich","London Stock Exchange","GBP"
"IGG","IG GROUP HOLDINGS PLC","Financials","Aktien","2.641.108,10","0,04","2.641.108,10","293.420,00","9,00","Vereinigtes Königreich","London Stock Exchange","GBP"
"MKS","MARKS AND SPENCER GROUP PLC","Zyklische Konsumgüter ","Aktien","2.629.805,95","0,04","2.629.805,95","1.275.838,00","2,06","Vereinigtes Königreich","London Stock Exchange","GBP"
"SGRE","SIEMENS GAMESA RENEWABLE ENERGY SA","Industrie","Aktien","2.630.252,44","0,04","2.630.252,44","146.044,00","18,01","Spanien","Bolsa De Madrid","EUR"
"BWY","BELLWAY PLC","Zyklische Konsumgüter ","Aktien","2.626.472,86","0,04","2.626.472,86","80.774,00","32,52","Vereinigtes Königreich","London Stock Exchange","GBP"
"DLG","DIRECT LINE INSURANCE PLC","Financials","Aktien","2.615.085,69","0,04","2.615.085,69","771.094,00","3,39","Vereinigtes Königreich","London Stock Exchange","GBP"
"HOLM B","HOLMEN CLASS B","Materialien","Aktien","2.609.569,93","0,04","2.609.569,93","61.258,00","42,60","Schweden","Nasdaq Omx Nordic","SEK"
"VALMT","VALMET","Industrie","Aktien","2.596.183,80","0,04","2.596.183,80","86.655,00","29,96","Finnland","Nasdaq Omx Helsinki Ltd.","EUR"
"LHA","DEUTSCHE LUFTHANSA AG","Industrie","Aktien","2.595.010,88","0,04","2.595.010,88","384.560,00","6,75","Deutschland","Xetra","EUR"
"BOL","BOLLORE","Kommunikation","Aktien","2.587.603,44","0,04","2.587.603,44","582.269,00","4,44","Frankreich","Nyse Euronext - Euronext Paris","EUR"
"FDJ","LA FRANCAISE DES JEUX SA","Zyklische Konsumgüter ","Aktien","2.574.995,31","0,04","2.574.995,31","71.667,00","35,93","Frankreich","Nyse Euronext - Euronext Paris","EUR"
"RBREW","ROYAL UNIBREW","Nichtzyklische Konsumgüter","Aktien","2.564.870,06","0,04","2.564.870,06","27.029,00","94,89","Dänemark","Omx Nordic Exchange Copenhagen A/S","DKK"
"IP","INTERPUMP GROUP","Industrie","Aktien","2.564.575,10","0,04","2.564.575,10","53.855,00","47,62","Italien","Borsa Italiana","EUR"
"STB","STOREBRAND","Financials","Aktien","2.558.242,12","0,04","2.558.242,12","306.716,00","8,34","Norwegen","Oslo Bors Asa","NOK"
"INDU A","INDUSTRIVARDEN A","Financials","Aktien","2.556.393,26","0,04","2.556.393,26","105.864,00","24,15","Schweden","Nasdaq Omx Nordic","SEK"
"SDF","K+S AG","Materialien","Aktien","2.556.792,48","0,04","2.556.792,48","123.636,00","20,68","Deutschland","Xetra","EUR"
"GJF","GJENSIDIGE FORSIKRING","Financials","Aktien","2.548.320,07","0,04","2.548.320,07","122.970,00","20,72","Norwegen","Oslo Bors Asa","NOK"
"UTG","UNITE GROUP PLC","Immobilien","Aktien","2.514.257,87","0,04","2.514.257,87","210.053,00","11,97","Vereinigtes Königreich","London Stock Exchange","GBP"
"AED","AEDIFICA NV","Immobilien","Aktien","2.509.681,00","0,04","2.509.681,00","25.873,00","97,00","Belgien","Nyse Euronext - Euronext Brussels","EUR"
"ELI","ELIA GROUP SA","Versorger","Aktien","2.509.190,20","0,04","2.509.190,20","21.373,00","117,40","Belgien","Nyse Euronext - Euronext Brussels","EUR"
"KOJAMO","KOJAMO","Immobilien","Aktien","2.503.798,10","0,04","2.503.798,10","125.819,00","19,90","Finnland","Nasdaq Omx Helsinki Ltd.","EUR"
"DPLM","DIPLOMA PLC","Industrie","Aktien","2.500.337,18","0,04","2.500.337,18","82.665,00","30,25","Vereinigtes Königreich","London Stock Exchange","GBP"
"RMG","ROYAL MAIL PLC","Industrie","Aktien","2.476.158,88","0,04","2.476.158,88","558.867,00","4,43","Vereinigtes Königreich","London Stock Exchange","GBP"
"EDF","ELECTRICITE DE FRANCE SA","Versorger","Aktien","2.470.762,50","0,04","2.470.762,50","329.435,00","7,50","Frankreich","Nyse Euronext - Euronext Paris","EUR"
"ATE","ALTEN SA","IT","Aktien","2.462.276,00","0,04","2.462.276,00","18.796,00","131,00","Frankreich","Nyse Euronext - Euronext Paris","EUR"
"DLN","DERWENT LONDON REIT PLC","Immobilien","Aktien","2.460.228,87","0,04","2.460.228,87","67.304,00","36,55","Vereinigtes Königreich","London Stock Exchange","GBP"
"NOD","NORDIC SEMICONDUCTOR","IT","Aktien","2.458.134,55","0,04","2.458.134,55","112.795,00","21,79","Norwegen","Oslo Bors Asa","NOK"
"TIT","TELECOM ITALIA","Kommunikation","Aktien","2.448.367,81","0,04","2.448.367,81","6.546.438,00","0,37","Italien","Borsa Italiana","EUR"
"PEO","BANK PEKAO SA","Financials","Aktien","2.441.261,01","0,04","2.441.261,01","113.517,00","21,51","Polen","Warsaw Stock Exchange/Equities/Main Market","PLN"
"STOR B","STORSKOGEN GROUP CLASS B","Industrie","Aktien","2.440.997,83","0,04","2.440.997,83","986.440,00","2,47","Schweden","Nasdaq Omx Nordic","SEK"
"EVD","CTS EVENTIM AG","Kommunikation","Aktien","2.439.606,44","0,04","2.439.606,44","39.527,00","61,72","Deutschland","Xetra","EUR"
"HELN","HELVETIA HOLDING AG","Financials","Aktien","2.429.575,97","0,04","2.429.575,97","22.462,00","108,16","Schweiz","SIX Swiss Exchange","CHF"
"IPN","IPSEN SA","Gesundheitsversorgung","Aktien","2.429.130,00","0,04","2.429.130,00","23.815,00","102,00","Frankreich","Nyse Euronext - Euronext Paris","EUR"
"PZU","PZU SA","Financials","Aktien","2.426.215,05","0,04","2.426.215,05","369.908,00","6,56","Polen","Warsaw Stock Exchange/Equities/Main Market","PLN"
"HSX","HISCOX LTD","Financials","Aktien","2.418.683,55","0,04","2.418.683,55","230.030,00","10,51","Vereinigtes Königreich","London Stock Exchange","GBP"
"HIK","HIKMA PHARMACEUTICALS PLC","Gesundheitsversorgung","Aktien","2.407.328,08","0,04","2.407.328,08","109.911,00","21,90","Vereinigtes Königreich","London Stock Exchange","GBP"
"AMUN","AMUNDI SA","Financials","Aktien","2.398.985,40","0,04","2.398.985,40","39.522,00","60,70","Frankreich","Nyse Euronext - Euronext Paris","EUR"
"LATO B","LATOUR INVESTMENT CLASS B","Industrie","Aktien","2.394.815,02","0,04","2.394.815,02","101.168,00","23,67","Schweden","Nasdaq Omx Nordic","SEK"
"TPK","TRAVIS PERKINS PLC","Industrie","Aktien","2.391.149,11","0,04","2.391.149,11","147.453,00","16,22","Vereinigtes Königreich","London Stock Exchange","GBP"
"AVV","AVEVA GROUP PLC","IT","Aktien","2.379.987,30","0,04","2.379.987,30","80.792,00","29,46","Vereinigtes Königreich","London Stock Exchange","GBP"
"BC8","BECHTLE AG","IT","Aktien","2.375.892,99","0,04","2.375.892,99","53.307,00","44,57","Deutschland","Xetra","EUR"
"ACKB","ACKERMANS & VAN HAAREN NV","Industrie","Aktien","2.367.951,60","0,04","2.367.951,60","14.772,00","160,30","Belgien","Nyse Euronext - Euronext Brussels","EUR"
"DEMANT","DEMANT","Gesundheitsversorgung","Aktien","2.365.047,90","0,04","2.365.047,90","66.594,00","35,51","Dänemark","Omx Nordic Exchange Copenhagen A/S","DKK"
"AMS","AMS-OSRAM AG","IT","Aktien","2.348.460,25","0,04","2.348.460,25","168.796,00","13,91","Schweiz","SIX Swiss Exchange","CHF"
"RCO","REMY COINTREAU SA","Nichtzyklische Konsumgüter","Aktien","2.345.616,00","0,04","2.345.616,00","13.962,00","168,00","Frankreich","Nyse Euronext - Euronext Paris","EUR"
"LXS","LANXESS AG","Materialien","Aktien","2.342.664,62","0,04","2.342.664,62","53.657,00","43,66","Deutschland","Xetra","EUR"
"ADDT B","ADDTECH CLASS B","Industrie","Aktien","2.338.125,81","0,04","2.338.125,81","168.047,00","13,91","Schweden","Nasdaq Omx Nordic","SEK"
"ELUX B","ELECTROLUX CLASS B","Zyklische Konsumgüter ","Aktien","2.318.887,10","0,04","2.318.887,10","149.147,00","15,55","Schweden","Nasdaq Omx Nordic","SEK"
"MSIFT","CASH COLLATERAL EUR MSIFT","Cash und/oder Derivate","Cash Collateral and Margins","2.305.000,00","0,04","2.305.000,00","2.305.000,00","100,00","Europäische Union","-","EUR"
"FABG","FABEGE","Immobilien","Aktien","2.296.483,57","0,04","2.296.483,57","182.848,00","12,56","Schweden","Nasdaq Omx Nordic","SEK"
"ADP","AEROPORTS DE PARIS SA","Industrie","Aktien","2.292.748,00","0,04","2.292.748,00","18.320,00","125,15","Frankreich","Nyse Euronext - Euronext Paris","EUR"
"THULE","THULE GROUP","Zyklische Konsumgüter ","Aktien","2.279.216,42","0,04","2.279.216,42","66.835,00","34,10","Schweden","Nasdaq Omx Nordic","SEK"
"ONT","OXFORD NANOPORE TECHNOLOGIES PLC","Gesundheitsversorgung","Aktien","2.243.743,25","0,04","2.243.743,25","399.209,00","5,62","Vereinigtes Königreich","London Stock Exchange","GBP"
"EVT","EVOTEC","Gesundheitsversorgung","Aktien","2.241.614,75","0,04","2.241.614,75","87.053,00","25,75","Deutschland","Xetra","EUR"
"CLN","CLARIANT AG","Materialien","Aktien","2.235.004,76","0,04","2.235.004,76","145.996,00","15,31","Schweiz","SIX Swiss Exchange","CHF"
"ANA","ACCIONA SA","Versorger","Aktien","2.210.880,00","0,03","2.210.880,00","15.792,00","140,00","Spanien","Bolsa De Madrid","EUR"
"INCH","INCHCAPE PLC","Zyklische Konsumgüter ","Aktien","2.208.093,80","0,03","2.208.093,80","256.549,00","8,61","Vereinigtes Königreich","London Stock Exchange","GBP"
"SINCH","SINCH","IT","Aktien","2.199.013,85","0,03","2.199.013,85","345.601,00","6,36","Schweden","Nasdaq Omx Nordic","SEK"
"WOSG","WATCHES OF SWITZERLAND GROUP PLC","Zyklische Konsumgüter ","Aktien","2.198.483,04","0,03","2.198.483,04","154.915,00","14,19","Vereinigtes Königreich","London Stock Exchange","GBP"
"FUTR","FUTURE PLC","Kommunikation","Aktien","2.193.488,67","0,03","2.193.488,67","73.862,00","29,70","Vereinigtes Königreich","London Stock Exchange","GBP"
"SALM","SALMAR","Nichtzyklische Konsumgüter","Aktien","2.189.567,80","0,03","2.189.567,80","35.063,00","62,45","Norwegen","Oslo Bors Asa","NOK"
"DIA","DIASORIN","Gesundheitsversorgung","Aktien","2.189.286,40","0,03","2.189.286,40","17.024,00","128,60","Italien","Borsa Italiana","EUR"
"SOBI","SWEDISH ORPHAN BIOVITRUM","Gesundheitsversorgung","Aktien","2.179.460,96","0,03","2.179.460,96","123.133,00","17,70","Schweden","Nasdaq Omx Nordic","SEK"
"RAA","RATIONAL AG","Industrie","Aktien","2.171.743,20","0,03","2.171.743,20","3.366,00","645,20","Deutschland","Xetra","EUR"
"COV","COVIVIO SA","Immobilien","Aktien","2.170.015,50","0,03","2.170.015,50","30.435,00","71,30","Frankreich","Nyse Euronext - Euronext Paris","EUR"
"BKT","BANKINTER SA","Financials","Aktien","2.158.388,55","0,03","2.158.388,55","421.725,00","5,12","Spanien","Bolsa De Madrid","EUR"
"PNN","PENNON GROUP PLC","Versorger","Aktien","2.157.834,49","0,03","2.157.834,49","182.093,00","11,85","Vereinigtes Königreich","London Stock Exchange","GBP"
"SECU B","SECURITAS B","Industrie","Aktien","2.110.280,73","0,03","2.110.280,73","209.347,00","10,08","Schweden","Nasdaq Omx Nordic","SEK"
"ATO","ATOS","IT","Aktien","2.109.608,64","0,03","2.109.608,64","70.816,00","29,79","Frankreich","Nyse Euronext - Euronext Paris","EUR"
"TKA","THYSSENKRUPP AG","Materialien","Aktien","2.107.431,67","0,03","2.107.431,67","258.327,00","8,16","Deutschland","Xetra","EUR"
"BEZ","BEAZLEY PLC","Financials","Aktien","2.106.645,93","0,03","2.106.645,93","393.641,00","5,35","Vereinigtes Königreich","London Stock Exchange","GBP"
"BG","BAWAG GROUP AG","Financials","Aktien","2.101.583,52","0,03","2.101.583,52","44.829,00","46,88","Österreich","Wiener Boerse Ag","EUR"
"CTEC","CONVATEC GROUP PLC","Gesundheitsversorgung","Aktien","2.092.520,23","0,03","2.092.520,23","1.040.503,00","2,01","Vereinigtes Königreich","London Stock Exchange","GBP"
"TEG","TAG IMMOBILIEN AG","Immobilien","Aktien","2.085.732,90","0,03","2.085.732,90","95.022,00","21,95","Deutschland","Xetra","EUR"
"REY","REPLY","IT","Aktien","2.084.196,50","0,03","2.084.196,50","14.585,00","142,90","Italien","Borsa Italiana","EUR"
"DIE","DIETEREN (D) SA","Zyklische Konsumgüter ","Aktien","2.052.990,80","0,03","2.052.990,80","14.791,00","138,80","Belgien","Nyse Euronext - Euronext Brussels","EUR"
"SOI","SOITEC SA","IT","Aktien","2.049.782,10","0,03","2.049.782,10","14.951,00","137,10","Frankreich","Nyse Euronext - Euronext Paris","EUR"
"RF","EURAZEO","Financials","Aktien","2.046.448,00","0,03","2.046.448,00","30.820,00","66,40","Frankreich","Nyse Euronext - Euronext Paris","EUR"
"HUH1V","HUHTAMAKI","Materialien","Aktien","2.044.287,75","0,03","2.044.287,75","62.421,00","32,75","Finnland","Nasdaq Omx Helsinki Ltd.","EUR"
"VOLCAR B","VOLVO CAR CLASS B","Zyklische Konsumgüter ","Aktien","2.042.467,81","0,03","2.042.467,81","346.967,00","5,89","Schweden","Nasdaq Omx Nordic","SEK"
"CNP","CNP ASSURANCES SA","Financials","Aktien","2.034.668,80","0,03","2.034.668,80","93.505,00","21,76","Frankreich","Nyse Euronext - Euronext Paris","EUR"
"JDEP","JDE PEETS NV","Nichtzyklische Konsumgüter","Aktien","2.017.538,65","0,03","2.017.538,65","71.671,00","28,15","Niederlande","Euronext Amsterdam","EUR"
"ROR","ROTORK PLC","Industrie","Aktien","2.009.517,18","0,03","2.009.517,18","569.081,00","3,53","Vereinigtes Königreich","London Stock Exchange","GBP"
"AKRBP","AKER BP","Energie","Aktien","2.001.070,70","0,03","2.001.070,70","70.905,00","28,22","Norwegen","Oslo Bors Asa","NOK"
"COFB","COFINIMMO REIT SA","Immobilien","Aktien","1.995.724,80","0,03","1.995.724,80","17.568,00","113,60","Belgien","Nyse Euronext - Euronext Brussels","EUR"
"GALE","GALENICA AG","Gesundheitsversorgung","Aktien","1.995.336,57","0,03","1.995.336,57","32.472,00","61,45","Schweiz","SIX Swiss Exchange","CHF"
"BEIJ B","BEIJER REF CLASS B","Industrie","Aktien","1.994.581,55","0,03","1.994.581,55","158.105,00","12,62","Schweden","Nasdaq Omx Nordic","SEK"
"DRX","DRAX GROUP PLC","Versorger","Aktien","1.993.718,25","0,03","1.993.718,25","266.823,00","7,47","Vereinigtes Königreich","London Stock Exchange","GBP"
"RILBA","RINGKJOBING LANDBOBANK","Financials","Aktien","1.981.057,48","0,03","1.981.057,48","18.805,00","105,35","Dänemark","Omx Nordic Exchange Copenhagen A/S","DKK"
"MRL","MERLIN PROPERTIES REIT SA","Immobilien","Aktien","1.977.112,86","0,03","1.977.112,86","202.989,00","9,74","Spanien","Bolsa De Madrid","EUR"
"VOE","VOESTALPINE AG","Materialien","Aktien","1.970.914,04","0,03","1.970.914,04","71.774,00","27,46","Österreich","Wiener Boerse Ag","EUR"
"BANB","BACHEM HOLDING AG","Gesundheitsversorgung","Aktien","1.970.394,14","0,03","1.970.394,14","3.865,00","509,80","Schweiz","SIX Swiss Exchange","CHF"
"GRG","GREGGS PLC","Zyklische Konsumgüter ","Aktien","1.968.359,90","0,03","1.968.359,90","65.831,00","29,90","Vereinigtes Königreich","London Stock Exchange","GBP"
"FHZN","FLUGHAFEN ZUERICH AG","Industrie","Aktien","1.963.979,53","0,03","1.963.979,53","12.447,00","157,79","Schweiz","SIX Swiss Exchange","CHF"
"SAFE","SAFESTORE HOLDINGS PLC","Immobilien","Aktien","1.960.052,63","0,03","1.960.052,63","136.392,00","14,37","Vereinigtes Königreich","London Stock Exchange","GBP"
"LUND B","LUNDBERGFORETAGEN CLASS B","Financials","Aktien","1.957.907,01","0,03","1.957.907,01","47.958,00","40,83","Schweden","Nasdaq Omx Nordic","SEK"
"UTDI","UNITED INTERNET AG","Kommunikation","Aktien","1.949.648,98","0,03","1.949.648,98","65.293,00","29,86","Deutschland","Xetra","EUR"
"USD","USD CASH","Cash und/oder Derivate","Geldmarkt","1.947.722,25","0,03","1.947.722,25","2.164.699,00","89,98","Vereinigte Staaten","-","USD"
"DUFN","DUFRY AG","Zyklische Konsumgüter ","Aktien","1.947.413,56","0,03","1.947.413,56","47.344,00","41,13","Schweiz","SIX Swiss Exchange","CHF"
"TUI","TUI AG","Zyklische Konsumgüter ","Aktien","1.938.361,83","0,03","1.938.361,83","683.216,00","2,84","Vereinigtes Königreich","London Stock Exchange","GBP"
"SIM","SIMCORP","IT","Aktien","1.933.559,65","0,03","1.933.559,65","26.345,00","73,39","Dänemark","Omx Nordic Exchange Copenhagen A/S","DKK"
"BYG","BIG YELLOW GROUP PLC","Immobilien","Aktien","1.928.295,39","0,03","1.928.295,39","118.692,00","16,25","Vereinigtes Königreich","London Stock Exchange","GBP"
"WIE","WIENERBERGER AG","Materialien","Aktien","1.920.113,40","0,03","1.920.113,40","74.423,00","25,80","Österreich","Wiener Boerse Ag","EUR"
"FNTN","FREENET AG","Kommunikation","Aktien","1.892.927,03","0,03","1.892.927,03","82.769,00","22,87","Deutschland","Xetra","EUR"
"ARCAD","ARCADIS NV","Industrie","Aktien","1.890.801,44","0,03","1.890.801,44","48.284,00","39,16","Niederlande","Euronext Amsterdam","EUR"
"ANDR","ANDRITZ AG","Industrie","Aktien","1.889.212,60","0,03","1.889.212,60","46.418,00","40,70","Österreich","Wiener Boerse Ag","EUR"
"BAKKA","BAKKAFROST","Nichtzyklische Konsumgüter","Aktien","1.888.926,68","0,03","1.888.926,68","32.298,00","58,48","Norwegen","Oslo Bors Asa","NOK"
"BOSS","HUGO BOSS N AG","Zyklische Konsumgüter ","Aktien","1.879.517,90","0,03","1.879.517,90","35.263,00","53,30","Deutschland","Xetra","EUR"
"EMG","MAN GROUP PLC","Financials","Aktien","1.871.681,89","0,03","1.871.681,89","876.052,00","2,14","Vereinigtes Königreich","London Stock Exchange","GBP"
"INVP","INVESTEC PLC","Financials","Aktien","1.853.480,52","0,03","1.853.480,52","394.303,00","4,70","Vereinigtes Königreich","London Stock Exchange","GBP"
"INW","INFRASTRUTTURE WIRELESS ITALIANE","Kommunikation","Aktien","1.839.329,96","0,03","1.839.329,96","207.740,00","8,85","Italien","Borsa Italiana","EUR"
"AAK","AAK","Nichtzyklische Konsumgüter","Aktien","1.828.733,71","0,03","1.828.733,71","113.860,00","16,06","Schweden","Nasdaq Omx Nordic","SEK"
"GAW","GAMES WORKSHOP GROUP PLC","Zyklische Konsumgüter ","Aktien","1.826.964,07","0,03","1.826.964,07","21.271,00","85,89","Vereinigtes Königreich","London Stock Exchange","GBP"
"SFZN","SIEGFRIED HOLDING AG","Gesundheitsversorgung","Aktien","1.817.710,62","0,03","1.817.710,62","2.816,00","645,49","Schweiz","SIX Swiss Exchange","CHF"
"SPIE","SPIE SA","Industrie","Aktien","1.813.479,78","0,03","1.813.479,78","88.809,00","20,42","Frankreich","Nyse Euronext - Euronext Paris","EUR"
"ROCK B","ROCKWOOL INTERNATIONAL B","Industrie","Aktien","1.807.729,33","0,03","1.807.729,33","5.834,00","309,86","Dänemark","Omx Nordic Exchange Copenhagen A/S","DKK"
"POLY","POLYMETAL INTERNATIONAL PLC","Materialien","Aktien","1.793.692,29","0,03","1.793.692,29","220.037,00","8,15","Russland","London Stock Exchange","GBP"
"EKTA B","ELEKTA B","Gesundheitsversorgung","Aktien","1.788.027,28","0,03","1.788.027,28","238.337,00","7,50","Schweden","Nasdaq Omx Nordic","SEK"
"CDI","CHRISTIAN DIOR","Zyklische Konsumgüter ","Aktien","1.787.040,00","0,03","1.787.040,00","2.920,00","612,00","Frankreich","Nyse Euronext - Euronext Paris","EUR"
"WISE","WISE PLC CLASS A","IT","Aktien","1.778.900,16","0,03","1.778.900,16","283.216,00","6,28","Vereinigtes Königreich","London Stock Exchange","GBP"
"GFTU","GRAFTON GROUP UNITS PLC","Industrie","Aktien","1.770.101,30","0,03","1.770.101,30","143.306,00","12,35","Vereinigtes Königreich","London Stock Exchange","GBP"
"DNP","DINO POLSKA SA","Nichtzyklische Konsumgüter","Aktien","1.766.419,52","0,03","1.766.419,52","30.916,00","57,14","Polen","Warsaw Stock Exchange/Equities/Main Market","PLN"
"ALLN","ALLREAL HOLDING AG","Immobilien","Aktien","1.765.254,65","0,03","1.765.254,65","9.369,00","188,41","Schweiz","SIX Swiss Exchange","CHF"
"LDO","LEONARDO FINMECCANICA SPA","Industrie","Aktien","1.764.387,70","0,03","1.764.387,70","264.209,00","6,68","Italien","Borsa Italiana","EUR"
"TYRES","NOKIAN RENKAAT","Zyklische Konsumgüter ","Aktien","1.764.124,52","0,03","1.764.124,52","83.926,00","21,02","Finnland","Nasdaq Omx Helsinki Ltd.","EUR"
"HAS","HAYS PLC","Industrie","Aktien","1.760.897,67","0,03","1.760.897,67","1.083.882,00","1,62","Vereinigtes Königreich","London Stock Exchange","GBP"
"PROX","PROXIMUS NV","Kommunikation","Aktien","1.759.841,96","0,03","1.759.841,96","102.079,00","17,24","Belgien","Nyse Euronext - Euronext Brussels","EUR"
"AMBU B","AMBU CLASS B","Gesundheitsversorgung","Aktien","1.753.206,48","0,03","1.753.206,48","120.475,00","14,55","Dänemark","Omx Nordic Exchange Copenhagen A/S","DKK"
"RUI","RUBIS","Versorger","Aktien","1.747.771,02","0,03","1.747.771,02","63.463,00","27,54","Frankreich","Nyse Euronext - Euronext Paris","EUR"
"AZA","AVANZA BANK HOLDING","Financials","Aktien","1.746.842,26","0,03","1.746.842,26","72.960,00","23,94","Schweden","Nasdaq Omx Nordic","SEK"
"LMP","LONDONMETRIC PROPERTY REIT PLC","Immobilien","Aktien","1.746.263,54","0,03","1.746.263,54","582.402,00","3,00","Vereinigtes Königreich","London Stock Exchange","GBP"
"VMUK","VIRGIN MONEY UK PLC","Financials","Aktien","1.739.638,25","0,03","1.739.638,25","805.689,00","2,16","Vereinigtes Königreich","London Stock Exchange","GBP"
"IG","ITALGAS","Versorger","Aktien","1.719.951,03","0,03","1.719.951,03","314.894,00","5,46","Italien","Borsa Italiana","EUR"
"BVIC","BRITVIC PLC","Nichtzyklische Konsumgüter","Aktien","1.708.591,82","0,03","1.708.591,82","173.159,00","9,87","Vereinigtes Königreich","London Stock Exchange","GBP"
"AUTO","AUTOSTORE HOLDINGS LTD","Industrie","Aktien","1.701.617,93","0,03","1.701.617,93","630.380,00","2,70","Norwegen","Oslo Bors Asa","NOK"
"SESG","SES SA FDR","Kommunikation","Aktien","1.689.669,92","0,03","1.689.669,92","251.140,00","6,73","Frankreich","Nyse Euronext - Euronext Paris","EUR"
"ELIS","ELIS SA","Industrie","Aktien","1.690.005,64","0,03","1.690.005,64","115.123,00","14,68","Frankreich","Nyse Euronext - Euronext Paris","EUR"
"UN01","UNIPER","Versorger","Aktien","1.684.503,31","0,03","1.684.503,31","58.837,00","28,63","Deutschland","Xetra","EUR"
"PSM","PROSIEBEN SAT.1 MEDIA N","Kommunikation","Aktien","1.668.409,79","0,03","1.668.409,79","140.026,00","11,91","Deutschland","Xetra","EUR"
"HER","HERA","Versorger","Aktien","1.650.549,52","0,03","1.650.549,52","510.374,00","3,23","Italien","Borsa Italiana","EUR"
"BUCN","BUCHER INDUSTRIES AG","Industrie","Aktien","1.624.985,94","0,03","1.624.985,94","4.236,00","383,61","Schweiz","SIX Swiss Exchange","CHF"
"VTY","VISTRY GROUP PLC","Zyklische Konsumgüter ","Aktien","1.621.624,33","0,03","1.621.624,33","143.863,00","11,27","Vereinigtes Königreich","London Stock Exchange","GBP"
"WALL B","WALLENSTAM B","Immobilien","Aktien","1.614.419,89","0,03","1.614.419,89","135.069,00","11,95","Schweden","Nasdaq Omx Nordic","SEK"
"ISS","ISS A S","Industrie","Aktien","1.604.484,35","0,03","1.604.484,35","99.216,00","16,17","Dänemark","Omx Nordic Exchange Copenhagen A/S","DKK"
"FPE3","FUCHS PETROLUB PREF","Materialien","Aktien","1.598.677,92","0,03","1.598.677,92","45.314,00","35,28","Deutschland","Xetra","EUR"
"GL9","GLANBIA PLC","Nichtzyklische Konsumgüter","Aktien","1.596.816,86","0,03","1.596.816,86","130.994,00","12,19","Irland","Irish Stock Exchange - All Market","EUR"
"HSV","HOMESERVE PLC","Industrie","Aktien","1.590.735,78","0,03","1.590.735,78","191.602,00","8,30","Vereinigtes Königreich","London Stock Exchange","GBP"
"BPT","BRIDGEPOINT GROUP PLC","Financials","Aktien","1.586.701,08","0,03","1.586.701,08","409.324,00","3,88","Vereinigtes Königreich","London Stock Exchange","GBP"
"IWG","IWG","Immobilien","Aktien","1.581.843,21","0,02","1.581.843,21","496.323,00","3,19","Vereinigtes Königreich","London Stock Exchange","GBP"
"SWEC B","SWECO CLASS B","Industrie","Aktien","1.576.691,90","0,02","1.576.691,90","133.794,00","11,78","Schweden","Nasdaq Omx Nordic","SEK"
"NETC","NETCOMPANY GROUP","IT","Aktien","1.568.300,19","0,02","1.568.300,19","29.193,00","53,72","Dänemark","Omx Nordic Exchange Copenhagen A/S","DKK"
"SFOR","S4 CAPITAL PLC","Kommunikation","Aktien","1.567.290,26","0,02","1.567.290,26","297.845,00","5,26","Vereinigtes Königreich","London Stock Exchange","GBP"
"DOM","DOMETIC GROUPINARY SHARES","Zyklische Konsumgüter ","Aktien","1.566.600,82","0,02","1.566.600,82","190.992,00","8,20","Schweden","Nasdaq Omx Nordic","SEK"
"HPOL B","HEXPOL CLASS B","Materialien","Aktien","1.562.614,93","0,02","1.562.614,93","169.373,00","9,23","Schweden","Nasdaq Omx Nordic","SEK"
"SOP","SOPRA STERIA GROUP","IT","Aktien","1.560.354,40","0,02","1.560.354,40","10.252,00","152,20","Frankreich","Nyse Euronext - Euronext Paris","EUR"
"GNS","GENUS PLC","Gesundheitsversorgung","Aktien","1.556.260,63","0,02","1.556.260,63","42.243,00","36,84","Vereinigtes Königreich","London Stock Exchange","GBP"
"MF","WENDEL","Financials","Aktien","1.545.774,30","0,02","1.545.774,30","17.829,00","86,70","Frankreich","Nyse Euronext - Euronext Paris","EUR"
"FDR","FLUIDRA SA","Industrie","Aktien","1.539.846,00","0,02","1.539.846,00","63.630,00","24,20","Spanien","Bolsa De Madrid","EUR"
"A2A","A2A","Versorger","Aktien","1.532.185,81","0,02","1.532.185,81","1.018.402,00","1,50","Italien","Borsa Italiana","EUR"
"QLT","QUILTER PLC","Financials","Aktien","1.498.148,90","0,02","1.498.148,90","998.907,00","1,50","Vereinigtes Königreich","London Stock Exchange","GBP"
"WIHL","WIHLBORGS FASTIGHETER","Immobilien","Aktien","1.490.633,91","0,02","1.490.633,91","88.882,00","16,77","Schweden","Nasdaq Omx Nordic","SEK"
"CDR","CD PROJEKT SA","Kommunikation","Aktien","1.485.240,29","0,02","1.485.240,29","43.742,00","33,95","Polen","Warsaw Stock Exchange/Equities/Main Market","PLN"
"INRN","INTERROLL HOLDING AG","Industrie","Aktien","1.471.881,00","0,02","1.471.881,00","463,00","3.179,00","Schweiz","SIX Swiss Exchange","CHF"
"BILL","BILLERUD KORSNAS","Materialien","Aktien","1.464.668,25","0,02","1.464.668,25","118.111,00","12,40","Schweden","Nasdaq Omx Nordic","SEK"
"SCT","SOFTCAT PLC","IT","Aktien","1.440.613,13","0,02","1.440.613,13","81.429,00","17,69","Vereinigtes Königreich","London Stock Exchange","GBP"
"RBI","RAIFFEISEN BANK INTERNATIONAL AG","Financials","Aktien","1.440.597,06","0,02","1.440.597,06","88.326,00","16,31","Österreich","Wiener Boerse Ag","EUR"
"ADE","ADEVINTA","Kommunikation","Aktien","1.430.061,21","0,02","1.430.061,21","179.469,00","7,97","Norwegen","Oslo Bors Asa","NOK"
"ALIF B","ADDLIFE CLASS B","Gesundheitsversorgung","Aktien","1.418.338,94","0,02","1.418.338,94","76.250,00","18,60","Schweden","Nasdaq Omx Nordic","SEK"
"WIZZ","WIZZ AIR HOLDINGS PLC","Industrie","Aktien","1.403.478,00","0,02","1.403.478,00","36.830,00","38,11","Vereinigtes Königreich","London Stock Exchange","GBP"
"KIND SDB","KINDRED GROUP SDR PLC","Zyklische Konsumgüter ","Aktien","1.402.981,72","0,02","1.402.981,72","148.171,00","9,47","Schweden","Nasdaq Omx Nordic","SEK"
"ALE","ALLEGRO SA","Zyklische Konsumgüter ","Aktien","1.402.171,78","0,02","1.402.171,78","250.057,00","5,61","Polen","Warsaw Stock Exchange/Equities/Main Market","PLN"
"LPP","LPP SA","Zyklische Konsumgüter ","Aktien","1.393.780,88","0,02","1.393.780,88","680,00","2.049,68","Polen","Warsaw Stock Exchange/Equities/Main Market","PLN"
"ALK B","ALK-ABELLO B","Gesundheitsversorgung","Aktien","1.381.065,45","0,02","1.381.065,45","4.304,00","320,88","Dänemark","Omx Nordic Exchange Copenhagen A/S","DKK"
"CBG","CLOSE BROS GROUP PLC","Financials","Aktien","1.347.136,51","0,02","1.347.136,51","99.009,00","13,61","Vereinigtes Königreich","London Stock Exchange","GBP"
"NENT B","NORDIC ENTERTAINMENT GROUP CLASS B","Kommunikation","Aktien","1.343.091,02","0,02","1.343.091,02","45.982,00","29,21","Schweden","Nasdaq Omx Nordic","SEK"
"TIGO SDB","MILLICOM INTERNATIONAL CELLULAR SD","Kommunikation","Aktien","1.333.983,44","0,02","1.333.983,44","65.954,00","20,23","Schweden","Nasdaq Omx Nordic","SEK"
"PHP","PRIMARY HEALTH PROPERTIES REIT PLC","Immobilien","Aktien","1.324.195,51","0,02","1.324.195,51","845.544,00","1,57","Vereinigtes Königreich","London Stock Exchange","GBP"
"QTCOM","QT GROUP","IT","Aktien","1.282.881,60","0,02","1.282.881,60","12.727,00","100,80","Finnland","Nasdaq Omx Helsinki Ltd.","EUR"
"COL","INMOBILIARIA COLONIAL SA","Immobilien","Aktien","1.269.053,12","0,02","1.269.053,12","172.075,00","7,38","Spanien","Bolsa De Madrid","EUR"
"ORP","ORPEA SA","Gesundheitsversorgung","Aktien","1.250.335,44","0,02","1.250.335,44","33.912,00","36,87","Frankreich","Nyse Euronext - Euronext Paris","EUR"
"SECT B","SECTRA CLASS B","Gesundheitsversorgung","Aktien","1.239.180,06","0,02","1.239.180,06","92.995,00","13,33","Schweden","Nasdaq Omx Nordic","SEK"
"VCT","VICTREX PLC","Materialien","Aktien","1.233.508,62","0,02","1.233.508,62","55.846,00","22,09","Vereinigtes Königreich","London Stock Exchange","GBP"
"VITR","VITROLIFE","Gesundheitsversorgung","Aktien","1.220.749,73","0,02","1.220.749,73","43.060,00","28,35","Schweden","Nasdaq Omx Nordic","SEK"
"GXI","GERRESHEIMER AG","Gesundheitsversorgung","Aktien","1.195.350,00","0,02","1.195.350,00","18.390,00","65,00","Deutschland","Xetra","EUR"
"DOCS","DR. MARTENS PLC","Zyklische Konsumgüter ","Aktien","1.174.725,32","0,02","1.174.725,32","370.529,00","3,17","Vereinigtes Königreich","London Stock Exchange","GBP"
"SCHA","SCHIBSTED CLASS A","Kommunikation","Aktien","1.168.635,65","0,02","1.168.635,65","51.360,00","22,75","Norwegen","Oslo Bors Asa","NOK"
"CSP","COUNTRYSIDE PARTNERSHIPS PLC","Zyklische Konsumgüter ","Aktien","1.124.032,86","0,02","1.124.032,86","339.938,00","3,31","Vereinigtes Königreich","London Stock Exchange","GBP"
"MIPS","MIPS","Zyklische Konsumgüter ","Aktien","1.110.390,47","0,02","1.110.390,47","16.939,00","65,55","Schweden","Nasdaq Omx Nordic","SEK"
"COLR","ETABLISSEMENTEN FRANZ COLRUYT NV","Nichtzyklische Konsumgüter","Aktien","1.109.405,24","0,02","1.109.405,24","32.194,00","34,46","Belgien","Nyse Euronext - Euronext Brussels","EUR"
"ROO","DELIVEROO PLC CLASS A","Zyklische Konsumgüter ","Aktien","1.108.597,50","0,02","1.108.597,50","748.409,00","1,48","Vereinigtes Königreich","London Stock Exchange","GBP"
"AFRY","AFRY","Industrie","Aktien","1.027.765,32","0,02","1.027.765,32","61.764,00","16,64","Schweden","Nasdaq Omx Nordic","SEK"
"IVG","IVECO GROUP NV","Industrie","Aktien","951.303,06","0,02","951.303,06","129.341,00","7,36","Italien","Borsa Italiana","EUR"
"ROSE","ZUR ROSE GROUP AG","Nichtzyklische Konsumgüter","Aktien","942.557,84","0,01","942.557,84","6.226,00","151,39","Schweiz","SIX Swiss Exchange","CHF"
"INPST","INPOST SA","Industrie","Aktien","847.145,95","0,01","847.145,95","174.994,00","4,84","Niederlande","Euronext Amsterdam","EUR"
"AG1","AUTO1 GROUP","Zyklische Konsumgüter ","Aktien","814.793,00","0,01","814.793,00","68.470,00","11,90","Deutschland","Xetra","EUR"
"DKK","DKK CASH","Cash und/oder Derivate","Geldmarkt","640.237,24","0,01","640.237,24","4.764.675,00","13,44","Dänemark","-","DKK"
"NOK","NOK CASH","Cash und/oder Derivate","Geldmarkt","308.194,50","0,00","308.194,50","3.111.227,00","9,91","Norwegen","-","NOK"
"CHF","CHF CASH","Cash und/oder Derivate","Geldmarkt","177.492,10","0,00","177.492,10","183.131,00","96,92","Schweiz","-","CHF"
"SEK","SEK CASH","Cash und/oder Derivate","Geldmarkt","72.445,95","0,00","72.445,95","775.824,00","9,34","Schweden","-","SEK"
"PLN","PLN CASH","Cash und/oder Derivate","Geldmarkt","1.757,04","0,00","1.757,04","8.272,00","21,24","Polen","-","PLN"
"CZK","CZK CASH","Cash und/oder Derivate","Geldmarkt","0,00","0,00","0,00","0,00","4,02","Tschechien","-","CZK"
"ZAR","ZAR CASH","Cash und/oder Derivate","Geldmarkt","-0,26","0,00","-0,26","-4,00","5,80","Südafrika","-","ZAR"
"SXOH2","STOXX EUROPE 600 MAR 22","Cash und/oder Derivate","Futures","0,00","0,00","28.839.935,00","1.319,00","437,30","Europäische Union","Eurex Deutschland","EUR"
"MARGIN_EUR","FUTURES EUR MARGIN BALANCE","Cash und/oder Derivate","Cash Collateral and Margins","0,00","0,00","0,00","0,00","100,00","Europäische Union","-","EUR"
 