Fondsposition per,"01.Mär.2022"
 
Emittententicker,Name,Sektor,Anlageklasse,Marktwert,Gewichtung (%),Nominalwert,Nominale,Kurs,Standort,Börse,Marktwährung
"AAPL","APPLE INC","IT","Aktien","3.928.387.363,20","6,95","3.928.387.363,20","24.071.001,00","163,20","Vereinigte Staaten","NASDAQ","USD"
"MSFT","MICROSOFT CORP","IT","Aktien","3.420.011.318,80","6,05","3.420.011.318,80","11.595.224,00","294,95","Vereinigte Staaten","NASDAQ","USD"
"AMZN","AMAZON COM INC","Zyklische Konsumgüter ","Aktien","2.036.009.699,28","3,60","2.036.009.699,28","673.542,00","3.022,84","Vereinigte Staaten","NASDAQ","USD"
"GOOGL","ALPHABET INC CLASS A","Kommunikation","Aktien","1.245.793.301,05","2,21","1.245.793.301,05","464.635,00","2.681,23","Vereinigte Staaten","NASDAQ","USD"
"GOOG","ALPHABET INC CLASS C","Kommunikation","Aktien","1.158.672.164,64","2,05","1.158.672.164,64","431.799,00","2.683,36","Vereinigte Staaten","NASDAQ","USD"
"TSLA","TESLA INC","Zyklische Konsumgüter ","Aktien","1.085.927.047,14","1,92","1.085.927.047,14","1.256.322,00","864,37","Vereinigte Staaten","NASDAQ","USD"
"NVDA","NVIDIA CORP","IT","Aktien","906.449.082,93","1,60","906.449.082,93","3.861.009,00","234,77","Vereinigte Staaten","NASDAQ","USD"
"BRKB","BERKSHIRE HATHAWAY INC CLASS B","Financials","Aktien","896.125.859,32","1,59","896.125.859,32","2.828.323,00","316,84","Vereinigte Staaten","New York Stock Exchange Inc.","USD"
"FB","META PLATFORMS INC CLASS A","Kommunikation","Aktien","743.637.315,33","1,32","743.637.315,33","3.654.417,00","203,49","Vereinigte Staaten","NASDAQ","USD"
"UNH","UNITEDHEALTH GROUP INC","Gesundheitsversorgung","Aktien","692.763.251,25","1,23","692.763.251,25","1.454.621,00","476,25","Vereinigte Staaten","New York Stock Exchange Inc.","USD"
"JNJ","JOHNSON & JOHNSON","Gesundheitsversorgung","Aktien","666.777.424,00","1,18","666.777.424,00","4.065.716,00","164,00","Vereinigte Staaten","New York Stock Exchange Inc.","USD"
"JPM","JPMORGAN CHASE & CO","Financials","Aktien","622.773.491,75","1,10","622.773.491,75","4.564.115,00","136,45","Vereinigte Staaten","New York Stock Exchange Inc.","USD"
"PG","PROCTER & GAMBLE","Nichtzyklische Konsumgüter","Aktien","572.966.996,10","1,01","572.966.996,10","3.737.310,00","153,31","Vereinigte Staaten","New York Stock Exchange Inc.","USD"
"V","VISA INC CLASS A","IT","Aktien","541.227.493,69","0,96","541.227.493,69","2.589.977,00","208,97","Vereinigte Staaten","New York Stock Exchange Inc.","USD"
"HD","HOME DEPOT INC","Zyklische Konsumgüter ","Aktien","521.987.644,50","0,92","521.987.644,50","1.629.938,00","320,25","Vereinigte Staaten","New York Stock Exchange Inc.","USD"
"XOM","EXXON MOBIL CORP","Energie","Aktien","517.635.785,94","0,92","517.635.785,94","6.538.282,00","79,17","Vereinigte Staaten","New York Stock Exchange Inc.","USD"
"BAC","BANK OF AMERICA CORP","Financials","Aktien","472.380.899,12","0,84","472.380.899,12","11.122.696,00","42,47","Vereinigte Staaten","New York Stock Exchange Inc.","USD"
"MA","MASTERCARD INC CLASS A","IT","Aktien","461.510.190,40","0,82","461.510.190,40","1.339.730,00","344,48","Vereinigte Staaten","New York Stock Exchange Inc.","USD"
"CVX","CHEVRON CORP","Energie","Aktien","445.726.920,40","0,79","445.726.920,40","2.977.070,00","149,72","Vereinigte Staaten","New York Stock Exchange Inc.","USD"
"DIS","WALT DISNEY","Kommunikation","Aktien","408.886.943,40","0,72","408.886.943,40","2.806.362,00","145,70","Vereinigte Staaten","New York Stock Exchange Inc.","USD"
"ABBV","ABBVIE INC","Gesundheitsversorgung","Aktien","403.235.496,27","0,71","403.235.496,27","2.730.283,00","147,69","Vereinigte Staaten","New York Stock Exchange Inc.","USD"
"PFE","PFIZER INC","Gesundheitsversorgung","Aktien","396.585.018,75","0,70","396.585.018,75","8.668.525,00","45,75","Vereinigte Staaten","New York Stock Exchange Inc.","USD"
"KO","COCA-COLA","Nichtzyklische Konsumgüter","Aktien","372.056.477,52","0,66","372.056.477,52","6.003.816,00","61,97","Vereinigte Staaten","New York Stock Exchange Inc.","USD"
"AVGO","BROADCOM INC","IT","Aktien","362.430.985,20","0,64","362.430.985,20","635.710,00","570,12","Vereinigte Staaten","NASDAQ","USD"
"COST","COSTCO WHOLESALE CORP","Nichtzyklische Konsumgüter","Aktien","356.819.716,71","0,63","356.819.716,71","682.347,00","522,93","Vereinigte Staaten","NASDAQ","USD"
"CSCO","CISCO SYSTEMS INC","IT","Aktien","355.778.184,76","0,63","355.778.184,76","6.513.698,00","54,62","Vereinigte Staaten","NASDAQ","USD"
"PEP","PEPSICO INC","Nichtzyklische Konsumgüter","Aktien","346.500.648,18","0,61","346.500.648,18","2.135.334,00","162,27","Vereinigte Staaten","NASDAQ","USD"
"ADBE","ADOBE INC","IT","Aktien","342.912.263,88","0,61","342.912.263,88","734.791,00","466,68","Vereinigte Staaten","NASDAQ","USD"
"VZ","VERIZON COMMUNICATIONS INC","Kommunikation","Aktien","342.784.538,01","0,61","342.784.538,01","6.394.041,00","53,61","Vereinigte Staaten","New York Stock Exchange Inc.","USD"
"TMO","THERMO FISHER SCIENTIFIC INC","Gesundheitsversorgung","Aktien","330.520.548,05","0,59","330.520.548,05","608.615,00","543,07","Vereinigte Staaten","New York Stock Exchange Inc.","USD"
"CMCSA","COMCAST CORP CLASS A","Kommunikation","Aktien","326.662.978,52","0,58","326.662.978,52","7.041.668,00","46,39","Vereinigte Staaten","NASDAQ","USD"
"ABT","ABBOTT LABORATORIES","Gesundheitsversorgung","Aktien","322.709.625,81","0,57","322.709.625,81","2.730.893,00","118,17","Vereinigte Staaten","New York Stock Exchange Inc.","USD"
"CRM","SALESFORCE.COM INC","IT","Aktien","315.843.142,23","0,56","315.843.142,23","1.512.007,00","208,89","Vereinigte Staaten","New York Stock Exchange Inc.","USD"
"WFC","WELLS FARGO","Financials","Aktien","309.679.986,36","0,55","309.679.986,36","6.157.884,00","50,29","Vereinigte Staaten","New York Stock Exchange Inc.","USD"
"LLY","ELI LILLY","Gesundheitsversorgung","Aktien","305.938.397,00","0,54","305.938.397,00","1.226.206,00","249,50","Vereinigte Staaten","New York Stock Exchange Inc.","USD"
"ACN","ACCENTURE PLC CLASS A","IT","Aktien","303.677.090,60","0,54","303.677.090,60","975.356,00","311,35","Vereinigte Staaten","New York Stock Exchange Inc.","USD"
"WMT","WALMART INC","Nichtzyklische Konsumgüter","Aktien","298.678.236,75","0,53","298.678.236,75","2.196.325,00","135,99","Vereinigte Staaten","New York Stock Exchange Inc.","USD"
"MRK","MERCK & CO INC","Gesundheitsversorgung","Aktien","297.805.546,28","0,53","297.805.546,28","3.901.042,00","76,34","Vereinigte Staaten","New York Stock Exchange Inc.","USD"
"INTC","INTEL CORPORATION CORP","IT","Aktien","294.078.573,72","0,52","294.078.573,72","6.281.046,00","46,82","Vereinigte Staaten","NASDAQ","USD"
"AMD","ADVANCED MICRO DEVICES INC","IT","Aktien","287.345.508,37","0,51","287.345.508,37","2.524.339,00","113,83","Vereinigte Staaten","NASDAQ","USD"
"QCOM","QUALCOMM INC","IT","Aktien","283.134.265,62","0,50","283.134.265,62","1.729.698,00","163,69","Vereinigte Staaten","NASDAQ","USD"
"MCD","MCDONALDS CORP","Zyklische Konsumgüter ","Aktien","276.546.918,54","0,49","276.546.918,54","1.154.058,00","239,63","Vereinigte Staaten","New York Stock Exchange Inc.","USD"
"DHR","DANAHER CORP","Gesundheitsversorgung","Aktien","267.166.375,63","0,47","267.166.375,63","982.121,00","272,03","Vereinigte Staaten","New York Stock Exchange Inc.","USD"
"NFLX","NETFLIX INC","Kommunikation","Aktien","264.204.768,32","0,47","264.204.768,32","684.043,00","386,24","Vereinigte Staaten","NASDAQ","USD"
"NKE","NIKE INC CLASS B","Zyklische Konsumgüter ","Aktien","260.933.657,82","0,46","260.933.657,82","1.973.481,00","132,22","Vereinigte Staaten","New York Stock Exchange Inc.","USD"
"T","AT&T INC","Kommunikation","Aktien","259.501.381,49","0,46","259.501.381,49","11.028.533,00","23,53","Vereinigte Staaten","New York Stock Exchange Inc.","USD"
"PM","PHILIP MORRIS INTERNATIONAL INC","Nichtzyklische Konsumgüter","Aktien","243.910.146,88","0,43","243.910.146,88","2.404.477,00","101,44","Vereinigte Staaten","New York Stock Exchange Inc.","USD"
"UNP","UNION PACIFIC CORP","Industrie","Aktien","240.702.928,68","0,43","240.702.928,68","992.876,00","242,43","Vereinigte Staaten","New York Stock Exchange Inc.","USD"
"TXN","TEXAS INSTRUMENT INC","IT","Aktien","238.604.054,10","0,42","238.604.054,10","1.426.290,00","167,29","Vereinigte Staaten","NASDAQ","USD"
"RTX","RAYTHEON TECHNOLOGIES CORP","Industrie","Aktien","237.477.859,10","0,42","237.477.859,10","2.311.670,00","102,73","Vereinigte Staaten","New York Stock Exchange Inc.","USD"
"LOW","LOWES COMPANIES INC","Zyklische Konsumgüter ","Aktien","236.855.487,50","0,42","236.855.487,50","1.069.325,00","221,50","Vereinigte Staaten","New York Stock Exchange Inc.","USD"
"BMY","BRISTOL MYERS SQUIBB","Gesundheitsversorgung","Aktien","235.265.081,23","0,42","235.265.081,23","3.428.021,00","68,63","Vereinigte Staaten","New York Stock Exchange Inc.","USD"
"NEE","NEXTERA ENERGY INC","Versorger","Aktien","234.665.967,36","0,42","234.665.967,36","3.030.294,00","77,44","Vereinigte Staaten","New York Stock Exchange Inc.","USD"
"UPS","UNITED PARCEL SERVICE INC CLASS B","Industrie","Aktien","231.491.097,62","0,41","231.491.097,62","1.126.039,00","205,58","Vereinigte Staaten","New York Stock Exchange Inc.","USD"
"LIN","LINDE PLC","Materialien","Aktien","223.659.520,32","0,40","223.659.520,32","791.547,00","282,56","Vereinigte Staaten","New York Stock Exchange Inc.","USD"
"MDT","MEDTRONIC PLC","Gesundheitsversorgung","Aktien","215.453.163,60","0,38","215.453.163,60","2.078.460,00","103,66","Vereinigte Staaten","New York Stock Exchange Inc.","USD"
"SPGI","S&P GLOBAL INC","Financials","Aktien","213.646.088,26","0,38","213.646.088,26","546.997,00","390,58","Vereinigte Staaten","New York Stock Exchange Inc.","USD"
"CVS","CVS HEALTH CORP","Gesundheitsversorgung","Aktien","208.044.436,60","0,37","208.044.436,60","2.038.652,00","102,05","Vereinigte Staaten","New York Stock Exchange Inc.","USD"
"INTU","INTUIT INC","IT","Aktien","204.902.068,14","0,36","204.902.068,14","437.283,00","468,58","Vereinigte Staaten","NASDAQ","USD"
"COP","CONOCOPHILLIPS","Energie","Aktien","197.569.283,52","0,35","197.569.283,52","2.037.637,00","96,96","Vereinigte Staaten","New York Stock Exchange Inc.","USD"
"AMGN","AMGEN INC","Gesundheitsversorgung","Aktien","195.929.997,48","0,35","195.929.997,48","869.988,00","225,21","Vereinigte Staaten","NASDAQ","USD"
"HON","HONEYWELL INTERNATIONAL INC","Industrie","Aktien","195.196.726,80","0,35","195.196.726,80","1.063.163,00","183,60","Vereinigte Staaten","NASDAQ","USD"
"MS","MORGAN STANLEY","Financials","Aktien","194.277.199,71","0,34","194.277.199,71","2.217.017,00","87,63","Vereinigte Staaten","New York Stock Exchange Inc.","USD"
"PYPL","PAYPAL HOLDINGS INC","IT","Aktien","193.273.046,00","0,34","193.273.046,00","1.814.600,00","106,51","Vereinigte Staaten","NASDAQ","USD"
"ORCL","ORACLE CORP","IT","Aktien","189.339.921,87","0,34","189.339.921,87","2.490.987,00","76,01","Vereinigte Staaten","New York Stock Exchange Inc.","USD"
"SCHW","CHARLES SCHWAB CORP","Financials","Aktien","180.782.199,68","0,32","180.782.199,68","2.321.888,00","77,86","Vereinigte Staaten","New York Stock Exchange Inc.","USD"
"AMAT","APPLIED MATERIAL INC","IT","Aktien","180.741.533,83","0,32","180.741.533,83","1.394.503,00","129,61","Vereinigte Staaten","NASDAQ","USD"
"C","CITIGROUP INC","Financials","Aktien","179.557.667,73","0,32","179.557.667,73","3.064.647,00","58,59","Vereinigte Staaten","New York Stock Exchange Inc.","USD"
"NOW","SERVICENOW INC","IT","Aktien","175.525.788,41","0,31","175.525.788,41","307.363,00","571,07","Vereinigte Staaten","New York Stock Exchange Inc.","USD"
"LMT","LOCKHEED MARTIN CORP","Industrie","Aktien","173.120.485,23","0,31","173.120.485,23","379.143,00","456,61","Vereinigte Staaten","New York Stock Exchange Inc.","USD"
"AXP","AMERICAN EXPRESS","Financials","Aktien","172.574.149,46","0,31","172.574.149,46","969.191,00","178,06","Vereinigte Staaten","New York Stock Exchange Inc.","USD"
"GS","GOLDMAN SACHS GROUP INC","Financials","Aktien","172.019.466,00","0,30","172.019.466,00","524.130,00","328,20","Vereinigte Staaten","New York Stock Exchange Inc.","USD"
"ANTM","ANTHEM INC","Gesundheitsversorgung","Aktien","169.306.179,00","0,30","169.306.179,00","374.986,00","451,50","Vereinigte Staaten","New York Stock Exchange Inc.","USD"
"IBM","INTERNATIONAL BUSINESS MACHINES CO","IT","Aktien","168.084.190,65","0,30","168.084.190,65","1.385.119,00","121,35","Vereinigte Staaten","New York Stock Exchange Inc.","USD"
"PLD","PROLOGIS REIT INC","Immobilien","Aktien","166.455.442,08","0,29","166.455.442,08","1.141.983,00","145,76","Vereinigte Staaten","New York Stock Exchange Inc.","USD"
"BA","BOEING","Industrie","Aktien","166.132.902,87","0,29","166.132.902,87","852.357,00","194,91","Vereinigte Staaten","New York Stock Exchange Inc.","USD"
"TGT","TARGET CORP","Zyklische Konsumgüter ","Aktien","165.418.622,08","0,29","165.418.622,08","753.856,00","219,43","Vereinigte Staaten","New York Stock Exchange Inc.","USD"
"SBUX","STARBUCKS CORP","Zyklische Konsumgüter ","Aktien","164.268.071,24","0,29","164.268.071,24","1.822.366,00","90,14","Vereinigte Staaten","NASDAQ","USD"
"AMT","AMERICAN TOWER REIT CORP","Immobilien","Aktien","160.745.614,40","0,28","160.745.614,40","703.328,00","228,55","Vereinigte Staaten","New York Stock Exchange Inc.","USD"
"ISRG","INTUITIVE SURGICAL INC","Gesundheitsversorgung","Aktien","160.711.398,05","0,28","160.711.398,05","551.231,00","291,55","Vereinigte Staaten","NASDAQ","USD"
"BLK","BLACKROCK INC","Financials","Aktien","157.647.771,45","0,28","157.647.771,45","220.545,00","714,81","Vereinigte Staaten","New York Stock Exchange Inc.","USD"
"GE","GENERAL ELECTRIC","Industrie","Aktien","156.592.972,62","0,28","156.592.972,62","1.696.014,00","92,33","Vereinigte Staaten","New York Stock Exchange Inc.","USD"
"DE","DEERE","Industrie","Aktien","156.127.518,00","0,28","156.127.518,00","435.320,00","358,65","Vereinigte Staaten","New York Stock Exchange Inc.","USD"
"CAT","CATERPILLAR INC","Industrie","Aktien","152.609.846,47","0,27","152.609.846,47","834.709,00","182,83","Vereinigte Staaten","New York Stock Exchange Inc.","USD"
"MU","MICRON TECHNOLOGY INC","IT","Aktien","149.029.245,50","0,26","149.029.245,50","1.727.675,00","86,26","Vereinigte Staaten","NASDAQ","USD"
"MO","ALTRIA GROUP INC","Nichtzyklische Konsumgüter","Aktien","146.270.569,50","0,26","146.270.569,50","2.836.350,00","51,57","Vereinigte Staaten","New York Stock Exchange Inc.","USD"
"ZTS","ZOETIS INC CLASS A","Gesundheitsversorgung","Aktien","140.639.880,30","0,25","140.639.880,30","730.445,00","192,54","Vereinigte Staaten","New York Stock Exchange Inc.","USD"
"MDLZ","MONDELEZ INTERNATIONAL INC CLASS A","Nichtzyklische Konsumgüter","Aktien","138.614.289,02","0,25","138.614.289,02","2.154.403,00","64,34","Vereinigte Staaten","NASDAQ","USD"
"SYK","STRYKER CORP","Gesundheitsversorgung","Aktien","136.047.664,80","0,24","136.047.664,80","518.040,00","262,62","Vereinigte Staaten","New York Stock Exchange Inc.","USD"
"CB","CHUBB LTD","Financials","Aktien","132.635.235,70","0,23","132.635.235,70","664.705,00","199,54","Vereinigte Staaten","New York Stock Exchange Inc.","USD"
"ADP","AUTOMATIC DATA PROCESSING INC","IT","Aktien","131.673.665,81","0,23","131.673.665,81","650.851,00","202,31","Vereinigte Staaten","NASDAQ","USD"
"BKNG","BOOKING HOLDINGS INC","Zyklische Konsumgüter ","Aktien","131.288.136,00","0,23","131.288.136,00","63.363,00","2.072,00","Vereinigte Staaten","NASDAQ","USD"
"ADI","ANALOG DEVICES INC","IT","Aktien","130.315.741,95","0,23","130.315.741,95","830.301,00","156,95","Vereinigte Staaten","NASDAQ","USD"
"CME","CME GROUP INC CLASS A","Financials","Aktien","129.640.854,70","0,23","129.640.854,70","555.326,00","233,45","Vereinigte Staaten","NASDAQ","USD"
"MMM","3M","Industrie","Aktien","128.805.063,75","0,23","128.805.063,75","889.845,00","144,75","Vereinigte Staaten","New York Stock Exchange Inc.","USD"
"PNC","PNC FINANCIAL SERVICES GROUP INC","Financials","Aktien","122.338.024,50","0,22","122.338.024,50","653.550,00","187,19","Vereinigte Staaten","New York Stock Exchange Inc.","USD"
"CI","CIGNA CORP","Gesundheitsversorgung","Aktien","121.263.135,30","0,21","121.263.135,30","511.443,00","237,10","Vereinigte Staaten","New York Stock Exchange Inc.","USD"
"BDX","BECTON DICKINSON","Gesundheitsversorgung","Aktien","120.238.796,72","0,21","120.238.796,72","443.048,00","271,39","Vereinigte Staaten","New York Stock Exchange Inc.","USD"
"TFC","TRUIST FINANCIAL CORP","Financials","Aktien","119.883.610,05","0,21","119.883.610,05","2.061.627,00","58,15","Vereinigte Staaten","New York Stock Exchange Inc.","USD"
"MMC","MARSH & MCLENNAN INC","Financials","Aktien","119.814.501,68","0,21","119.814.501,68","779.332,00","153,74","Vereinigte Staaten","New York Stock Exchange Inc.","USD"
"DUK","DUKE ENERGY CORP","Versorger","Aktien","118.666.723,04","0,21","118.666.723,04","1.188.688,00","99,83","Vereinigte Staaten","New York Stock Exchange Inc.","USD"
"TJX","TJX INC","Zyklische Konsumgüter ","Aktien","118.586.642,40","0,21","118.586.642,40","1.855.816,00","63,90","Vereinigte Staaten","New York Stock Exchange Inc.","USD"
"LRCX","LAM RESEARCH CORP","IT","Aktien","117.535.594,53","0,21","117.535.594,53","217.429,00","540,57","Vereinigte Staaten","NASDAQ","USD"
"GILD","GILEAD SCIENCES INC","Gesundheitsversorgung","Aktien","116.629.493,88","0,21","116.629.493,88","1.935.438,00","60,26","Vereinigte Staaten","NASDAQ","USD"
"CSX","CSX CORP","Industrie","Aktien","114.094.781,06","0,20","114.094.781,06","3.422.159,00","33,34","Vereinigte Staaten","NASDAQ","USD"
"CHTR","CHARTER COMMUNICATIONS INC CLASS A","Kommunikation","Aktien","113.504.344,78","0,20","113.504.344,78","190.847,00","594,74","Vereinigte Staaten","NASDAQ","USD"
"USB","US BANCORP","Financials","Aktien","112.242.247,18","0,20","112.242.247,18","2.083.963,00","53,86","Vereinigte Staaten","New York Stock Exchange Inc.","USD"
"CCI","CROWN CASTLE INTERNATIONAL REIT CO","Immobilien","Aktien","112.189.517,55","0,20","112.189.517,55","667.755,00","168,01","Vereinigte Staaten","New York Stock Exchange Inc.","USD"
"TMUS","T MOBILE US INC","Kommunikation","Aktien","111.545.437,08","0,20","111.545.437,08","905.916,00","123,13","Vereinigte Staaten","NASDAQ","USD"
"ICE","INTERCONTINENTAL EXCHANGE INC","Financials","Aktien","111.048.092,75","0,20","111.048.092,75","869.261,00","127,75","Vereinigte Staaten","New York Stock Exchange Inc.","USD"
"FCX","FREEPORT MCMORAN INC","Materialien","Aktien","108.652.693,50","0,19","108.652.693,50","2.267.850,00","47,91","Vereinigte Staaten","New York Stock Exchange Inc.","USD"
"EW","EDWARDS LIFESCIENCES CORP","Gesundheitsversorgung","Aktien","107.679.430,63","0,19","107.679.430,63","964.783,00","111,61","Vereinigte Staaten","New York Stock Exchange Inc.","USD"
"NOC","NORTHROP GRUMMAN CORP","Industrie","Aktien","105.234.584,70","0,19","105.234.584,70","230.727,00","456,10","Vereinigte Staaten","New York Stock Exchange Inc.","USD"
"EOG","EOG RESOURCES INC","Energie","Aktien","105.090.873,65","0,19","105.090.873,65","902.765,00","116,41","Vereinigte Staaten","New York Stock Exchange Inc.","USD"
"SO","SOUTHERN","Versorger","Aktien","104.998.043,50","0,19","104.998.043,50","1.638.035,00","64,10","Vereinigte Staaten","New York Stock Exchange Inc.","USD"
"EL","ESTEE LAUDER INC CLASS A","Nichtzyklische Konsumgüter","Aktien","102.207.805,97","0,18","102.207.805,97","357.883,00","285,59","Vereinigte Staaten","New York Stock Exchange Inc.","USD"
"F","FORD MOTOR CO","Zyklische Konsumgüter ","Aktien","101.287.637,60","0,18","101.287.637,60","6.065.128,00","16,70","Vereinigte Staaten","New York Stock Exchange Inc.","USD"
"GM","GENERAL MOTORS","Zyklische Konsumgüter ","Aktien","99.852.661,44","0,18","99.852.661,44","2.242.872,00","44,52","Vereinigte Staaten","New York Stock Exchange Inc.","USD"
"D","DOMINION ENERGY INC","Versorger","Aktien","99.276.788,88","0,18","99.276.788,88","1.252.072,00","79,29","Vereinigte Staaten","New York Stock Exchange Inc.","USD"
"REGN","REGENERON PHARMACEUTICALS INC","Gesundheitsversorgung","Aktien","99.043.621,83","0,18","99.043.621,83","163.161,00","607,03","Vereinigte Staaten","NASDAQ","USD"
"CL","COLGATE-PALMOLIVE","Nichtzyklische Konsumgüter","Aktien","98.983.549,20","0,18","98.983.549,20","1.301.730,00","76,04","Vereinigte Staaten","New York Stock Exchange Inc.","USD"
"EQIX","EQUINIX REIT INC","Immobilien","Aktien","98.900.712,00","0,18","98.900.712,00","139.140,00","710,80","Vereinigte Staaten","NASDAQ","USD"
"AON","AON PLC CLASS A","Financials","Aktien","98.521.543,28","0,17","98.521.543,28","339.917,00","289,84","Vereinigte Staaten","New York Stock Exchange Inc.","USD"
"ATVI","ACTIVISION BLIZZARD INC","Kommunikation","Aktien","97.198.672,32","0,17","97.198.672,32","1.201.764,00","80,88","Vereinigte Staaten","NASDAQ","USD"
"NSC","NORFOLK SOUTHERN CORP","Industrie","Aktien","95.762.205,45","0,17","95.762.205,45","375.435,00","255,07","Vereinigte Staaten","New York Stock Exchange Inc.","USD"
"BSX","BOSTON SCIENTIFIC CORP","Gesundheitsversorgung","Aktien","95.335.718,72","0,17","95.335.718,72","2.198.702,00","43,36","Vereinigte Staaten","New York Stock Exchange Inc.","USD"
"SHW","SHERWIN WILLIAMS","Materialien","Aktien","95.254.940,22","0,17","95.254.940,22","372.774,00","255,53","Vereinigte Staaten","New York Stock Exchange Inc.","USD"
"PGR","PROGRESSIVE CORP","Financials","Aktien","93.283.431,16","0,17","93.283.431,16","903.559,00","103,24","Vereinigte Staaten","New York Stock Exchange Inc.","USD"
"HCA","HCA HEALTHCARE INC","Gesundheitsversorgung","Aktien","93.273.228,72","0,17","93.273.228,72","369.516,00","252,42","Vereinigte Staaten","New York Stock Exchange Inc.","USD"
"ITW","ILLINOIS TOOL INC","Industrie","Aktien","93.241.659,42","0,17","93.241.659,42","442.197,00","210,86","Vereinigte Staaten","New York Stock Exchange Inc.","USD"
"COF","CAPITAL ONE FINANCIAL CORP","Financials","Aktien","92.388.635,72","0,16","92.388.635,72","656.729,00","140,68","Vereinigte Staaten","New York Stock Exchange Inc.","USD"
"VRTX","VERTEX PHARMACEUTICALS INC","Gesundheitsversorgung","Aktien","90.486.999,05","0,16","90.486.999,05","392.245,00","230,69","Vereinigte Staaten","NASDAQ","USD"
"ETN","EATON PLC","Industrie","Aktien","90.155.205,80","0,16","90.155.205,80","615.604,00","146,45","Vereinigte Staaten","New York Stock Exchange Inc.","USD"
"FISV","FISERV INC","IT","Aktien","89.108.165,38","0,16","89.108.165,38","918.073,00","97,06","Vereinigte Staaten","NASDAQ","USD"
"FIS","FIDELITY NATIONAL INFORMATION SERV","IT","Aktien","88.006.805,47","0,16","88.006.805,47","939.541,00","93,67","Vereinigte Staaten","New York Stock Exchange Inc.","USD"
"WM","WASTE MANAGEMENT INC","Industrie","Aktien","87.047.998,80","0,15","87.047.998,80","593.860,00","146,58","Vereinigte Staaten","New York Stock Exchange Inc.","USD"
"HUM","HUMANA INC","Gesundheitsversorgung","Aktien","85.629.356,00","0,15","85.629.356,00","198.676,00","431,00","Vereinigte Staaten","New York Stock Exchange Inc.","USD"
"NEM","NEWMONT","Materialien","Aktien","84.985.538,96","0,15","84.985.538,96","1.231.496,00","69,01","Vereinigte Staaten","New York Stock Exchange Inc.","USD"
"PSA","PUBLIC STORAGE REIT","Immobilien","Aktien","84.511.071,60","0,15","84.511.071,60","235.420,00","358,98","Vereinigte Staaten","New York Stock Exchange Inc.","USD"
"PXD","PIONEER NATURAL RESOURCE","Energie","Aktien","84.228.945,96","0,15","84.228.945,96","350.268,00","240,47","Vereinigte Staaten","New York Stock Exchange Inc.","USD"
"GD","GENERAL DYNAMICS CORP","Industrie","Aktien","83.518.760,56","0,15","83.518.760,56","357.958,00","233,32","Vereinigte Staaten","New York Stock Exchange Inc.","USD"
"EMR","EMERSON ELECTRIC","Industrie","Aktien","82.639.391,42","0,15","82.639.391,42","923.242,00","89,51","Vereinigte Staaten","New York Stock Exchange Inc.","USD"
"SLB","SCHLUMBERGER NV","Energie","Aktien","81.524.660,60","0,14","81.524.660,60","2.164.180,00","37,67","Vereinigte Staaten","New York Stock Exchange Inc.","USD"
"MRNA","MODERNA INC","Gesundheitsversorgung","Aktien","81.491.539,92","0,14","81.491.539,92","545.021,00","149,52","Vereinigte Staaten","NASDAQ","USD"
"FDX","FEDEX CORP","Industrie","Aktien","81.332.044,77","0,14","81.332.044,77","378.447,00","214,91","Vereinigte Staaten","New York Stock Exchange Inc.","USD"
"MCO","MOODYS CORP","Financials","Aktien","80.463.072,90","0,14","80.463.072,90","249.614,00","322,35","Vereinigte Staaten","New York Stock Exchange Inc.","USD"
"ILMN","ILLUMINA INC","Gesundheitsversorgung","Aktien","79.644.411,00","0,14","79.644.411,00","241.164,00","330,25","Vereinigte Staaten","NASDAQ","USD"
"KLAC","KLA CORP","IT","Aktien","78.944.249,58","0,14","78.944.249,58","234.402,00","336,79","Vereinigte Staaten","NASDAQ","USD"
"APD","AIR PRODUCTS AND CHEMICALS INC","Materialien","Aktien","78.822.356,54","0,14","78.822.356,54","341.918,00","230,53","Vereinigte Staaten","New York Stock Exchange Inc.","USD"
"LHX","L3HARRIS TECHNOLOGIES INC","Industrie","Aktien","77.228.275,88","0,14","77.228.275,88","302.761,00","255,08","Vereinigte Staaten","New York Stock Exchange Inc.","USD"
"CNC","CENTENE CORP","Gesundheitsversorgung","Aktien","74.935.445,20","0,13","74.935.445,20","901.208,00","83,15","Vereinigte Staaten","New York Stock Exchange Inc.","USD"
"NXPI","NXP SEMICONDUCTORS NV","IT","Aktien","74.342.321,14","0,13","74.342.321,14","410.323,00","181,18","Vereinigte Staaten","NASDAQ","USD"
"AIG","AMERICAN INTERNATIONAL GROUP INC","Financials","Aktien","74.166.815,52","0,13","74.166.815,52","1.281.168,00","57,89","Vereinigte Staaten","New York Stock Exchange Inc.","USD"
"ROP","ROPER TECHNOLOGIES INC","Industrie","Aktien","72.718.959,52","0,13","72.718.959,52","162.952,00","446,26","Vereinigte Staaten","New York Stock Exchange Inc.","USD"
"ADSK","AUTODESK INC","IT","Aktien","72.654.926,00","0,13","72.654.926,00","339.509,00","214,00","Vereinigte Staaten","NASDAQ","USD"
"SNPS","SYNOPSYS INC","IT","Aktien","72.539.555,40","0,13","72.539.555,40","235.740,00","307,71","Vereinigte Staaten","NASDAQ","USD"
"DG","DOLLAR GENERAL CORP","Zyklische Konsumgüter ","Aktien","72.369.958,00","0,13","72.369.958,00","359.960,00","201,05","Vereinigte Staaten","New York Stock Exchange Inc.","USD"
"SRE","SEMPRA","Versorger","Aktien","71.527.726,89","0,13","71.527.726,89","492.717,00","145,17","Vereinigte Staaten","New York Stock Exchange Inc.","USD"
"MPC","MARATHON PETROLEUM CORP","Energie","Aktien","71.247.648,42","0,13","71.247.648,42","949.842,00","75,01","Vereinigte Staaten","New York Stock Exchange Inc.","USD"
"MET","METLIFE INC","Financials","Aktien","71.090.723,52","0,13","71.090.723,52","1.103.208,00","64,44","Vereinigte Staaten","New York Stock Exchange Inc.","USD"
"FTNT","FORTINET INC","IT","Aktien","70.827.748,65","0,13","70.827.748,65","209.655,00","337,83","Vereinigte Staaten","NASDAQ","USD"
"IDXX","IDEXX LABORATORIES INC","Gesundheitsversorgung","Aktien","70.361.277,48","0,12","70.361.277,48","131.482,00","535,14","Vereinigte Staaten","NASDAQ","USD"
"AEP","AMERICAN ELECTRIC POWER INC","Versorger","Aktien","70.102.281,21","0,12","70.102.281,21","777.101,00","90,21","Vereinigte Staaten","NASDAQ","USD"
"MAR","MARRIOTT INTERNATIONAL INC CLASS A","Zyklische Konsumgüter ","Aktien","69.667.383,87","0,12","69.667.383,87","422.457,00","164,91","Vereinigte Staaten","NASDAQ","USD"
"CTSH","COGNIZANT TECHNOLOGY SOLUTIONS COR","IT","Aktien","69.571.788,00","0,12","69.571.788,00","810.860,00","85,80","Vereinigte Staaten","NASDAQ","USD"
"JCI","JOHNSON CONTROLS INTERNATIONAL PLC","Industrie","Aktien","68.531.358,00","0,12","68.531.358,00","1.095.100,00","62,58","Vereinigte Staaten","New York Stock Exchange Inc.","USD"
"APH","AMPHENOL CORP CLASS A","IT","Aktien","68.456.861,40","0,12","68.456.861,40","923.595,00","74,12","Vereinigte Staaten","New York Stock Exchange Inc.","USD"
"SPG","SIMON PROPERTY GROUP REIT INC","Immobilien","Aktien","68.328.478,60","0,12","68.328.478,60","507.641,00","134,60","Vereinigte Staaten","New York Stock Exchange Inc.","USD"
"TEL","TE CONNECTIVITY LTD","IT","Aktien","68.223.229,46","0,12","68.223.229,46","504.274,00","135,29","Vereinigte Staaten","New York Stock Exchange Inc.","USD"
"ORLY","OREILLY AUTOMOTIVE INC","Zyklische Konsumgüter ","Aktien","68.218.993,20","0,12","68.218.993,20","103.910,00","656,52","Vereinigte Staaten","NASDAQ","USD"
"SYY","SYSCO CORP","Nichtzyklische Konsumgüter","Aktien","68.143.702,35","0,12","68.143.702,35","790.989,00","86,15","Vereinigte Staaten","New York Stock Exchange Inc.","USD"
"ADM","ARCHER DANIELS MIDLAND","Nichtzyklische Konsumgüter","Aktien","67.377.432,76","0,12","67.377.432,76","863.924,00","77,99","Vereinigte Staaten","New York Stock Exchange Inc.","USD"
"IQV","IQVIA HOLDINGS INC","Gesundheitsversorgung","Aktien","67.330.144,24","0,12","67.330.144,24","295.528,00","227,83","Vereinigte Staaten","New York Stock Exchange Inc.","USD"
"KMB","KIMBERLY CLARK CORP","Nichtzyklische Konsumgüter","Aktien","66.987.660,72","0,12","66.987.660,72","520.616,00","128,67","Vereinigte Staaten","New York Stock Exchange Inc.","USD"
"ICSUAGD","BLK ICS USD LIQ AGENCY DIS","Cash und/oder Derivate","Money Market","66.136.923,96","0,12","66.136.923,96","66.136.924,00","1,00","Irland","-","USD"
"ECL","ECOLAB INC","Materialien","Aktien","65.651.465,30","0,12","65.651.465,30","385.030,00","170,51","Vereinigte Staaten","New York Stock Exchange Inc.","USD"
"DOW","DOW INC","Materialien","Aktien","65.190.471,70","0,12","65.190.471,70","1.141.090,00","57,13","Vereinigte Staaten","New York Stock Exchange Inc.","USD"
"BAX","BAXTER INTERNATIONAL INC","Gesundheitsversorgung","Aktien","65.008.415,08","0,12","65.008.415,08","772.622,00","84,14","Vereinigte Staaten","New York Stock Exchange Inc.","USD"
"CMG","CHIPOTLE MEXICAN GRILL INC","Zyklische Konsumgüter ","Aktien","64.629.108,25","0,11","64.629.108,25","43.435,00","1.487,95","Vereinigte Staaten","New York Stock Exchange Inc.","USD"
"CDNS","CADENCE DESIGN SYSTEMS INC","IT","Aktien","64.358.198,32","0,11","64.358.198,32","427.544,00","150,53","Vereinigte Staaten","NASDAQ","USD"
"OXY","OCCIDENTAL PETROLEUM CORP","Energie","Aktien","64.116.758,11","0,11","64.116.758,11","1.370.309,00","46,79","Vereinigte Staaten","New York Stock Exchange Inc.","USD"
"MCK","MCKESSON CORP","Gesundheitsversorgung","Aktien","64.025.115,25","0,11","64.025.115,25","235.603,00","271,75","Vereinigte Staaten","New York Stock Exchange Inc.","USD"
"EXC","EXELON CORP","Versorger","Aktien","63.731.320,04","0,11","63.731.320,04","1.509.148,00","42,23","Vereinigte Staaten","NASDAQ","USD"
"MSCI","MSCI INC","Financials","Aktien","63.724.894,14","0,11","63.724.894,14","127.353,00","500,38","Vereinigte Staaten","New York Stock Exchange Inc.","USD"
"TRV","TRAVELERS COMPANIES INC","Financials","Aktien","63.702.290,34","0,11","63.702.290,34","379.587,00","167,82","Vereinigte Staaten","New York Stock Exchange Inc.","USD"
"GIS","GENERAL MILLS INC","Nichtzyklische Konsumgüter","Aktien","62.504.764,40","0,11","62.504.764,40","935.420,00","66,82","Vereinigte Staaten","New York Stock Exchange Inc.","USD"
"PRU","PRUDENTIAL FINANCIAL INC","Financials","Aktien","61.701.897,12","0,11","61.701.897,12","583.304,00","105,78","Vereinigte Staaten","New York Stock Exchange Inc.","USD"
"A","AGILENT TECHNOLOGIES INC","Gesundheitsversorgung","Aktien","61.646.139,52","0,11","61.646.139,52","467.264,00","131,93","Vereinigte Staaten","New York Stock Exchange Inc.","USD"
"HLT","HILTON WORLDWIDE HOLDINGS INC","Zyklische Konsumgüter ","Aktien","61.223.804,46","0,11","61.223.804,46","430.638,00","142,17","Vereinigte Staaten","New York Stock Exchange Inc.","USD"
"DXCM","DEXCOM INC","Gesundheitsversorgung","Aktien","61.119.373,32","0,11","61.119.373,32","149.652,00","408,41","Vereinigte Staaten","NASDAQ","USD"
"DD","DUPONT DE NEMOURS INC","Materialien","Aktien","60.837.499,92","0,11","60.837.499,92","804.516,00","75,62","Vereinigte Staaten","New York Stock Exchange Inc.","USD"
"HPQ","HP INC","IT","Aktien","60.591.416,73","0,11","60.591.416,73","1.778.439,00","34,07","Vereinigte Staaten","New York Stock Exchange Inc.","USD"
"WMB","WILLIAMS INC","Energie","Aktien","59.367.536,89","0,11","59.367.536,89","1.874.567,00","31,67","Vereinigte Staaten","New York Stock Exchange Inc.","USD"
"BK","BANK OF NEW YORK MELLON CORP","Financials","Aktien","59.289.420,78","0,10","59.289.420,78","1.172.191,00","50,58","Vereinigte Staaten","New York Stock Exchange Inc.","USD"
"DLR","DIGITAL REALTY TRUST REIT INC","Immobilien","Aktien","58.717.736,00","0,10","58.717.736,00","437.800,00","134,12","Vereinigte Staaten","New York Stock Exchange Inc.","USD"
"AZO","AUTOZONE INC","Zyklische Konsumgüter ","Aktien","58.687.403,88","0,10","58.687.403,88","32.298,00","1.817,06","Vereinigte Staaten","New York Stock Exchange Inc.","USD"
"CARR","CARRIER GLOBAL CORP","Industrie","Aktien","58.515.941,00","0,10","58.515.941,00","1.338.425,00","43,72","Vereinigte Staaten","New York Stock Exchange Inc.","USD"
"PAYX","PAYCHEX INC","IT","Aktien","58.214.404,05","0,10","58.214.404,05","495.231,00","117,55","Vereinigte Staaten","NASDAQ","USD"
"MCHP","MICROCHIP TECHNOLOGY INC","IT","Aktien","58.133.875,10","0,10","58.133.875,10","856.169,00","67,90","Vereinigte Staaten","NASDAQ","USD"
"NUE","NUCOR CORP","Materialien","Aktien","57.769.952,00","0,10","57.769.952,00","440.992,00","131,00","Vereinigte Staaten","New York Stock Exchange Inc.","USD"
"USD","USD CASH","Cash und/oder Derivate","Geldmarkt","57.716.790,02","0,10","57.716.790,02","57.716.790,00","100,00","Vereinigte Staaten","-","USD"
"GPN","GLOBAL PAYMENTS INC","IT","Aktien","57.709.748,80","0,10","57.709.748,80","447.640,00","128,92","Vereinigte Staaten","New York Stock Exchange Inc.","USD"
"DVN","DEVON ENERGY CORP","Energie","Aktien","57.612.389,25","0,10","57.612.389,25","972.361,00","59,25","Vereinigte Staaten","New York Stock Exchange Inc.","USD"
"O","REALTY INCOME REIT CORP","Immobilien","Aktien","57.455.923,50","0,10","57.455.923,50","872.925,00","65,82","Vereinigte Staaten","New York Stock Exchange Inc.","USD"
"PH","PARKER-HANNIFIN CORP","Industrie","Aktien","57.352.003,24","0,10","57.352.003,24","199.402,00","287,62","Vereinigte Staaten","New York Stock Exchange Inc.","USD"
"CTVA","CORTEVA INC","Materialien","Aktien","56.863.750,77","0,10","56.863.750,77","1.128.921,00","50,37","Vereinigte Staaten","New York Stock Exchange Inc.","USD"
"ALGN","ALIGN TECHNOLOGY INC","Gesundheitsversorgung","Aktien","56.757.897,12","0,10","56.757.897,12","113.296,00","500,97","Vereinigte Staaten","NASDAQ","USD"
"MSI","MOTOROLA SOLUTIONS INC","IT","Aktien","56.541.077,10","0,10","56.541.077,10","261.510,00","216,21","Vereinigte Staaten","New York Stock Exchange Inc.","USD"
"RMD","RESMED INC","Gesundheitsversorgung","Aktien","56.478.863,15","0,10","56.478.863,15","224.881,00","251,15","Vereinigte Staaten","New York Stock Exchange Inc.","USD"
"EA","ELECTRONIC ARTS INC","Kommunikation","Aktien","56.066.009,45","0,10","56.066.009,45","437.503,00","128,15","Vereinigte Staaten","NASDAQ","USD"
"TT","TRANE TECHNOLOGIES PLC","Industrie","Aktien","55.788.989,28","0,10","55.788.989,28","366.888,00","152,06","Vereinigte Staaten","New York Stock Exchange Inc.","USD"
"PSX","PHILLIPS 66","Energie","Aktien","55.625.556,69","0,10","55.625.556,69","676.957,00","82,17","Vereinigte Staaten","New York Stock Exchange Inc.","USD"
"XEL","XCEL ENERGY INC","Versorger","Aktien","55.334.258,19","0,10","55.334.258,19","831.969,00","66,51","Vereinigte Staaten","NASDAQ","USD"
"WELL","WELLTOWER INC","Immobilien","Aktien","55.302.425,90","0,10","55.302.425,90","671.635,00","82,34","Vereinigte Staaten","New York Stock Exchange Inc.","USD"
"AFL","AFLAC INC","Financials","Aktien","54.917.222,96","0,10","54.917.222,96","939.077,00","58,48","Vereinigte Staaten","New York Stock Exchange Inc.","USD"
"YUM","YUM BRANDS INC","Zyklische Konsumgüter ","Aktien","54.599.018,32","0,10","54.599.018,32","454.916,00","120,02","Vereinigte Staaten","New York Stock Exchange Inc.","USD"
"STZ","CONSTELLATION BRANDS INC CLASS A","Nichtzyklische Konsumgüter","Aktien","54.320.085,20","0,10","54.320.085,20","254.248,00","213,65","Vereinigte Staaten","New York Stock Exchange Inc.","USD"
"SBAC","SBA COMMUNICATIONS REIT CORP CLASS","Immobilien","Aktien","53.262.824,34","0,09","53.262.824,34","168.186,00","316,69","Vereinigte Staaten","NASDAQ","USD"
"ALL","ALLSTATE CORP","Financials","Aktien","53.014.677,30","0,09","53.014.677,30","442.305,00","119,86","Vereinigte Staaten","New York Stock Exchange Inc.","USD"
"TDG","TRANSDIGM GROUP INC","Industrie","Aktien","53.011.107,82","0,09","53.011.107,82","80.954,00","654,83","Vereinigte Staaten","New York Stock Exchange Inc.","USD"
"KMI","KINDER MORGAN INC","Energie","Aktien","52.919.479,82","0,09","52.919.479,82","3.008.498,00","17,59","Vereinigte Staaten","New York Stock Exchange Inc.","USD"
"EBAY","EBAY INC","Zyklische Konsumgüter ","Aktien","52.494.436,65","0,09","52.494.436,65","965.859,00","54,35","Vereinigte Staaten","NASDAQ","USD"
"DFS","DISCOVER FINANCIAL SERVICES","Financials","Aktien","51.499.121,87","0,09","51.499.121,87","452.183,00","113,89","Vereinigte Staaten","New York Stock Exchange Inc.","USD"
"OTIS","OTIS WORLDWIDE CORP","Industrie","Aktien","50.964.102,15","0,09","50.964.102,15","656.331,00","77,65","Vereinigte Staaten","New York Stock Exchange Inc.","USD"
"VLO","VALERO ENERGY CORP","Energie","Aktien","50.793.271,65","0,09","50.793.271,65","629.955,00","80,63","Vereinigte Staaten","New York Stock Exchange Inc.","USD"
"SIVB","SVB FINANCIAL GROUP","Financials","Aktien","50.654.946,12","0,09","50.654.946,12","90.799,00","557,88","Vereinigte Staaten","NASDAQ","USD"
"KR","KROGER","Nichtzyklische Konsumgüter","Aktien","50.562.592,70","0,09","50.562.592,70","1.045.762,00","48,35","Vereinigte Staaten","New York Stock Exchange Inc.","USD"
"AVB","AVALONBAY COMMUNITIES REIT INC","Immobilien","Aktien","50.563.911,42","0,09","50.563.911,42","215.919,00","234,18","Vereinigte Staaten","New York Stock Exchange Inc.","USD"
"CTAS","CINTAS CORP","Industrie","Aktien","50.491.451,25","0,09","50.491.451,25","135.675,00","372,15","Vereinigte Staaten","NASDAQ","USD"
"IFF","INTERNATIONAL FLAVORS & FRAGRANCES","Materialien","Aktien","50.439.319,59","0,09","50.439.319,59","392.799,00","128,41","Vereinigte Staaten","New York Stock Exchange Inc.","USD"
"PEG","PUBLIC SERVICE ENTERPRISE GROUP IN","Versorger","Aktien","50.357.634,58","0,09","50.357.634,58","781.223,00","64,46","Vereinigte Staaten","New York Stock Exchange Inc.","USD"
"AJG","ARTHUR J GALLAGHER","Financials","Aktien","49.912.818,90","0,09","49.912.818,90","319.749,00","156,10","Vereinigte Staaten","New York Stock Exchange Inc.","USD"
"WBA","WALGREEN BOOTS ALLIANCE INC","Nichtzyklische Konsumgüter","Aktien","49.896.465,64","0,09","49.896.465,64","1.108.564,00","45,01","Vereinigte Staaten","NASDAQ","USD"
"MTD","METTLER TOLEDO INC","Gesundheitsversorgung","Aktien","49.584.790,58","0,09","49.584.790,58","35.587,00","1.393,34","Vereinigte Staaten","New York Stock Exchange Inc.","USD"
"CBRE","CBRE GROUP INC CLASS A","Immobilien","Aktien","49.475.102,38","0,09","49.475.102,38","517.847,00","95,54","Vereinigte Staaten","New York Stock Exchange Inc.","USD"
"APTV","APTIV PLC","Zyklische Konsumgüter ","Aktien","49.319.047,05","0,09","49.319.047,05","417.781,00","118,05","Vereinigte Staaten","New York Stock Exchange Inc.","USD"
"ROST","ROSS STORES INC","Zyklische Konsumgüter ","Aktien","49.098.384,45","0,09","49.098.384,45","548.279,00","89,55","Vereinigte Staaten","NASDAQ","USD"
"DLTR","DOLLAR TREE INC","Zyklische Konsumgüter ","Aktien","48.493.341,00","0,09","48.493.341,00","347.100,00","139,71","Vereinigte Staaten","NASDAQ","USD"
"TROW","T ROWE PRICE GROUP INC","Financials","Aktien","48.407.362,92","0,09","48.407.362,92","346.857,00","139,56","Vereinigte Staaten","NASDAQ","USD"
"MNST","MONSTER BEVERAGE CORP","Nichtzyklische Konsumgüter","Aktien","48.372.360,47","0,09","48.372.360,47","581.189,00","83,23","Vereinigte Staaten","NASDAQ","USD"
"MTCH","MATCH GROUP INC","Kommunikation","Aktien","48.226.707,94","0,09","48.226.707,94","436.757,00","110,42","Vereinigte Staaten","NASDAQ","USD"
"AMP","AMERIPRISE FINANCE INC","Financials","Aktien","48.195.947,14","0,09","48.195.947,14","172.702,00","279,07","Vereinigte Staaten","New York Stock Exchange Inc.","USD"
"PCAR","PACCAR INC","Industrie","Aktien","47.879.083,80","0,08","47.879.083,80","536.220,00","89,29","Vereinigte Staaten","NASDAQ","USD"
"BIIB","BIOGEN INC","Gesundheitsversorgung","Aktien","47.666.619,78","0,08","47.666.619,78","226.617,00","210,34","Vereinigte Staaten","NASDAQ","USD"
"FITB","FIFTH THIRD BANCORP","Financials","Aktien","47.222.121,96","0,08","47.222.121,96","1.062.126,00","44,46","Vereinigte Staaten","NASDAQ","USD"
"ROK","ROCKWELL AUTOMATION INC","Industrie","Aktien","46.956.701,04","0,08","46.956.701,04","179.142,00","262,12","Vereinigte Staaten","New York Stock Exchange Inc.","USD"
"ED","CONSOLIDATED EDISON INC","Versorger","Aktien","46.597.244,94","0,08","46.597.244,94","545.763,00","85,38","Vereinigte Staaten","New York Stock Exchange Inc.","USD"
"PPG","PPG INDUSTRIES INC","Materialien","Aktien","46.373.002,50","0,08","46.373.002,50","366.585,00","126,50","Vereinigte Staaten","New York Stock Exchange Inc.","USD"
"HSY","HERSHEY FOODS","Nichtzyklische Konsumgüter","Aktien","46.165.201,00","0,08","46.165.201,00","225.350,00","204,86","Vereinigte Staaten","New York Stock Exchange Inc.","USD"
"FAST","FASTENAL","Industrie","Aktien","45.758.004,76","0,08","45.758.004,76","887.471,00","51,56","Vereinigte Staaten","NASDAQ","USD"
"STT","STATE STREET CORP","Financials","Aktien","45.677.207,87","0,08","45.677.207,87","564.683,00","80,89","Vereinigte Staaten","New York Stock Exchange Inc.","USD"
"GLW","CORNING INC","IT","Aktien","45.571.920,66","0,08","45.571.920,66","1.181.538,00","38,57","Vereinigte Staaten","New York Stock Exchange Inc.","USD"
"AME","AMETEK INC","Industrie","Aktien","45.517.593,51","0,08","45.517.593,51","357.309,00","127,39","Vereinigte Staaten","New York Stock Exchange Inc.","USD"
"FRC","FIRST REPUBLIC BANK","Financials","Aktien","45.441.490,80","0,08","45.441.490,80","276.610,00","164,28","Vereinigte Staaten","New York Stock Exchange Inc.","USD"
"WY","WEYERHAEUSER REIT","Immobilien","Aktien","44.750.731,90","0,08","44.750.731,90","1.158.745,00","38,62","Vereinigte Staaten","New York Stock Exchange Inc.","USD"
"VRSK","VERISK ANALYTICS INC","Industrie","Aktien","44.742.786,88","0,08","44.742.786,88","249.458,00","179,36","Vereinigte Staaten","NASDAQ","USD"
"ODFL","OLD DOMINION FREIGHT LINE INC","Industrie","Aktien","44.727.367,12","0,08","44.727.367,12","144.226,00","310,12","Vereinigte Staaten","NASDAQ","USD"
"HAL","HALLIBURTON","Energie","Aktien","44.342.978,81","0,08","44.342.978,81","1.380.971,00","32,11","Vereinigte Staaten","New York Stock Exchange Inc.","USD"
"EQR","EQUITY RESIDENTIAL REIT","Immobilien","Aktien","44.041.648,75","0,08","44.041.648,75","526.625,00","83,63","Vereinigte Staaten","New York Stock Exchange Inc.","USD"
"TWTR","TWITTER INC","Kommunikation","Aktien","43.868.060,60","0,08","43.868.060,60","1.233.635,00","35,56","Vereinigte Staaten","New York Stock Exchange Inc.","USD"
"OKE","ONEOK INC","Energie","Aktien","43.812.302,36","0,08","43.812.302,36","686.498,00","63,82","Vereinigte Staaten","New York Stock Exchange Inc.","USD"
"BLL","BALL CORP","Materialien","Aktien","43.692.764,44","0,08","43.692.764,44","503.141,00","86,84","Vereinigte Staaten","New York Stock Exchange Inc.","USD"
"WST","WEST PHARMACEUTICAL SERVICES INC","Gesundheitsversorgung","Aktien","43.637.107,22","0,08","43.637.107,22","114.359,00","381,58","Vereinigte Staaten","New York Stock Exchange Inc.","USD"
"KEYS","KEYSIGHT TECHNOLOGIES INC","IT","Aktien","43.608.245,78","0,08","43.608.245,78","284.482,00","153,29","Vereinigte Staaten","New York Stock Exchange Inc.","USD"
"WEC","WEC ENERGY GROUP INC","Versorger","Aktien","43.532.998,47","0,08","43.532.998,47","487.437,00","89,31","Vereinigte Staaten","New York Stock Exchange Inc.","USD"
"CMI","CUMMINS INC","Industrie","Aktien","43.305.980,90","0,08","43.305.980,90","220.870,00","196,07","Vereinigte Staaten","New York Stock Exchange Inc.","USD"
"DHI","D R HORTON INC","Zyklische Konsumgüter ","Aktien","43.205.792,04","0,08","43.205.792,04","503.388,00","85,83","Vereinigte Staaten","New York Stock Exchange Inc.","USD"
"HES","HESS CORP","Energie","Aktien","43.169.731,80","0,08","43.169.731,80","425.737,00","101,40","Vereinigte Staaten","New York Stock Exchange Inc.","USD"
"ANSS","ANSYS INC","IT","Aktien","42.870.354,45","0,08","42.870.354,45","134.715,00","318,23","Vereinigte Staaten","NASDAQ","USD"
"TSN","TYSON FOODS INC CLASS A","Nichtzyklische Konsumgüter","Aktien","42.724.833,69","0,08","42.724.833,69","455.343,00","93,83","Vereinigte Staaten","New York Stock Exchange Inc.","USD"
"ES","EVERSOURCE ENERGY","Versorger","Aktien","42.667.387,00","0,08","42.667.387,00","530.425,00","80,44","Vereinigte Staaten","New York Stock Exchange Inc.","USD"
"CERN","CERNER CORP","Gesundheitsversorgung","Aktien","42.441.050,40","0,08","42.441.050,40","454.888,00","93,30","Vereinigte Staaten","NASDAQ","USD"
"EXPE","EXPEDIA GROUP INC","Zyklische Konsumgüter ","Aktien","42.359.799,30","0,08","42.359.799,30","225.498,00","187,85","Vereinigte Staaten","NASDAQ","USD"
"AWK","AMERICAN WATER WORKS INC","Versorger","Aktien","42.312.179,52","0,07","42.312.179,52","280.176,00","151,02","Vereinigte Staaten","New York Stock Exchange Inc.","USD"
"KHC","KRAFT HEINZ","Nichtzyklische Konsumgüter","Aktien","42.235.310,88","0,07","42.235.310,88","1.091.916,00","38,68","Vereinigte Staaten","NASDAQ","USD"
"WTW","WILLIS TOWERS WATSON PLC","Financials","Aktien","42.073.310,61","0,07","42.073.310,61","192.177,00","218,93","Vereinigte Staaten","NASDAQ","USD"
"EFX","EQUIFAX INC","Industrie","Aktien","41.245.012,96","0,07","41.245.012,96","188.299,00","219,04","Vereinigte Staaten","New York Stock Exchange Inc.","USD"
"ANET","ARISTA NETWORKS INC","IT","Aktien","40.847.423,96","0,07","40.847.423,96","346.517,00","117,88","Vereinigte Staaten","New York Stock Exchange Inc.","USD"
"ARE","ALEXANDRIA REAL ESTATE EQUITIES RE","Immobilien","Aktien","40.848.111,57","0,07","40.848.111,57","217.497,00","187,81","Vereinigte Staaten","New York Stock Exchange Inc.","USD"
"LH","LABORATORY CORPORATION OF AMERICA","Gesundheitsversorgung","Aktien","40.019.573,20","0,07","40.019.573,20","148.744,00","269,05","Vereinigte Staaten","New York Stock Exchange Inc.","USD"
"ZBH","ZIMMER BIOMET HOLDINGS INC","Gesundheitsversorgung","Aktien","39.914.485,92","0,07","39.914.485,92","321.528,00","124,14","Vereinigte Staaten","New York Stock Exchange Inc.","USD"
"CPRT","COPART INC","Industrie","Aktien","39.819.438,48","0,07","39.819.438,48","329.522,00","120,84","Vereinigte Staaten","NASDAQ","USD"
"SWK","STANLEY BLACK & DECKER INC","Industrie","Aktien","39.753.223,56","0,07","39.753.223,56","251.539,00","158,04","Vereinigte Staaten","New York Stock Exchange Inc.","USD"
"EXR","EXTRA SPACE STORAGE REIT INC","Immobilien","Aktien","39.421.983,44","0,07","39.421.983,44","205.988,00","191,38","Vereinigte Staaten","New York Stock Exchange Inc.","USD"
"RSG","REPUBLIC SERVICES INC","Industrie","Aktien","39.310.676,24","0,07","39.310.676,24","324.292,00","121,22","Vereinigte Staaten","New York Stock Exchange Inc.","USD"
"LUV","SOUTHWEST AIRLINES","Industrie","Aktien","38.345.739,90","0,07","38.345.739,90","914.082,00","41,95","Vereinigte Staaten","New York Stock Exchange Inc.","USD"
"BKR","BAKER HUGHES CLASS A","Energie","Aktien","38.219.153,96","0,07","38.219.153,96","1.348.594,00","28,34","Vereinigte Staaten","NASDAQ","USD"
"LYB","LYONDELLBASELL INDUSTRIES NV CLASS","Materialien","Aktien","37.948.418,46","0,07","37.948.418,46","406.213,00","93,42","Vereinigte Staaten","New York Stock Exchange Inc.","USD"
"LEN","LENNAR A CORP","Zyklische Konsumgüter ","Aktien","37.898.081,70","0,07","37.898.081,70","419.505,00","90,34","Vereinigte Staaten","New York Stock Exchange Inc.","USD"
"EIX","EDISON INTERNATIONAL","Versorger","Aktien","37.305.837,85","0,07","37.305.837,85","586.109,00","63,65","Vereinigte Staaten","New York Stock Exchange Inc.","USD"
"DAL","DELTA AIR LINES INC","Industrie","Aktien","37.209.850,08","0,07","37.209.850,08","988.572,00","37,64","Vereinigte Staaten","New York Stock Exchange Inc.","USD"
"MKC","MCCORMICK & CO NON-VOTING INC","Nichtzyklische Konsumgüter","Aktien","36.938.632,50","0,07","36.938.632,50","383.778,00","96,25","Vereinigte Staaten","New York Stock Exchange Inc.","USD"
"STE","STERIS","Gesundheitsversorgung","Aktien","36.645.756,04","0,06","36.645.756,04","154.454,00","237,26","Vereinigte Staaten","New York Stock Exchange Inc.","USD"
"CHD","CHURCH AND DWIGHT INC","Nichtzyklische Konsumgüter","Aktien","36.635.174,79","0,06","36.635.174,79","378.111,00","96,89","Vereinigte Staaten","New York Stock Exchange Inc.","USD"
"MAA","MID AMERICA APARTMENT COMMUNITIES","Immobilien","Aktien","36.188.716,34","0,06","36.188.716,34","177.718,00","203,63","Vereinigte Staaten","New York Stock Exchange Inc.","USD"
"TSCO","TRACTOR SUPPLY","Zyklische Konsumgüter ","Aktien","36.023.657,78","0,06","36.023.657,78","175.571,00","205,18","Vereinigte Staaten","NASDAQ","USD"
"DTE","DTE ENERGY","Versorger","Aktien","35.920.680,00","0,06","35.920.680,00","299.339,00","120,00","Vereinigte Staaten","New York Stock Exchange Inc.","USD"
"FANG","DIAMONDBACK ENERGY INC","Energie","Aktien","35.807.726,85","0,06","35.807.726,85","261.695,00","136,83","Vereinigte Staaten","NASDAQ","USD"
"CDW","CDW CORP","IT","Aktien","35.811.749,31","0,06","35.811.749,31","211.391,00","169,41","Vereinigte Staaten","NASDAQ","USD"
"ENPH","ENPHASE ENERGY INC","IT","Aktien","35.708.115,40","0,06","35.708.115,40","209.309,00","170,60","Vereinigte Staaten","NASDAQ","USD"
"VMC","VULCAN MATERIALS","Materialien","Aktien","35.684.144,16","0,06","35.684.144,16","204.564,00","174,44","Vereinigte Staaten","New York Stock Exchange Inc.","USD"
"MLM","MARTIN MARIETTA MATERIALS INC","Materialien","Aktien","35.153.219,85","0,06","35.153.219,85","96.297,00","365,05","Vereinigte Staaten","New York Stock Exchange Inc.","USD"
"URI","UNITED RENTALS INC","Industrie","Aktien","34.975.020,08","0,06","34.975.020,08","111.727,00","313,04","Vereinigte Staaten","New York Stock Exchange Inc.","USD"
"HIG","HARTFORD FINANCIAL SERVICES GROUP","Financials","Aktien","34.911.771,32","0,06","34.911.771,32","525.068,00","66,49","Vereinigte Staaten","New York Stock Exchange Inc.","USD"
"FTV","FORTIVE CORP","Industrie","Aktien","34.901.222,40","0,06","34.901.222,40","550.840,00","63,36","Vereinigte Staaten","New York Stock Exchange Inc.","USD"
"IT","GARTNER INC","IT","Aktien","34.839.129,02","0,06","34.839.129,02","126.937,00","274,46","Vereinigte Staaten","New York Stock Exchange Inc.","USD"
"FE","FIRSTENERGY CORP","Versorger","Aktien","34.593.765,12","0,06","34.593.765,12","837.216,00","41,32","Vereinigte Staaten","New York Stock Exchange Inc.","USD"
"PKI","PERKINELMER INC","Gesundheitsversorgung","Aktien","34.503.143,60","0,06","34.503.143,60","194.713,00","177,20","Vereinigte Staaten","New York Stock Exchange Inc.","USD"
"NTRS","NORTHERN TRUST CORP","Financials","Aktien","34.027.693,00","0,06","34.027.693,00","320.110,00","106,30","Vereinigte Staaten","NASDAQ","USD"
"SWKS","SKYWORKS SOLUTIONS INC","IT","Aktien","33.939.591,45","0,06","33.939.591,45","255.089,00","133,05","Vereinigte Staaten","NASDAQ","USD"
"MTB","M&T BANK CORP","Financials","Aktien","33.718.112,45","0,06","33.718.112,45","198.517,00","169,85","Vereinigte Staaten","New York Stock Exchange Inc.","USD"
"DOV","DOVER CORP","Industrie","Aktien","33.718.212,71","0,06","33.718.212,71","222.313,00","151,67","Vereinigte Staaten","New York Stock Exchange Inc.","USD"
"AEE","AMEREN CORP","Versorger","Aktien","33.698.344,07","0,06","33.698.344,07","397.433,00","84,79","Vereinigte Staaten","New York Stock Exchange Inc.","USD"
"ALB","ALBEMARLE CORP","Materialien","Aktien","33.675.725,00","0,06","33.675.725,00","180.625,00","186,44","Vereinigte Staaten","New York Stock Exchange Inc.","USD"
"ZBRA","ZEBRA TECHNOLOGIES CORP CLASS A","IT","Aktien","33.470.489,50","0,06","33.470.489,50","82.525,00","405,58","Vereinigte Staaten","NASDAQ","USD"
"BBY","BEST BUY INC","Zyklische Konsumgüter ","Aktien","33.385.508,74","0,06","33.385.508,74","343.543,00","97,18","Vereinigte Staaten","New York Stock Exchange Inc.","USD"
"SYF","SYNCHRONY FINANCIAL","Financials","Aktien","33.332.375,53","0,06","33.332.375,53","844.499,00","39,47","Vereinigte Staaten","New York Stock Exchange Inc.","USD"
"KEY","KEYCORP","Financials","Aktien","33.024.859,12","0,06","33.024.859,12","1.436.488,00","22,99","Vereinigte Staaten","New York Stock Exchange Inc.","USD"
"VTR","VENTAS REIT INC","Immobilien","Aktien","32.914.764,80","0,06","32.914.764,80","615.920,00","53,44","Vereinigte Staaten","New York Stock Exchange Inc.","USD"
"ABC","AMERISOURCEBERGEN CORP","Gesundheitsversorgung","Aktien","32.772.212,83","0,06","32.772.212,83","230.839,00","141,97","Vereinigte Staaten","New York Stock Exchange Inc.","USD"
"RF","REGIONS FINANCIAL CORP","Financials","Aktien","32.535.395,64","0,06","32.535.395,64","1.471.524,00","22,11","Vereinigte Staaten","New York Stock Exchange Inc.","USD"
"VRSN","VERISIGN INC","IT","Aktien","32.324.768,96","0,06","32.324.768,96","149.624,00","216,04","Vereinigte Staaten","NASDAQ","USD"
"ETR","ENTERGY CORP","Versorger","Aktien","32.271.171,48","0,06","32.271.171,48","310.718,00","103,86","Vereinigte Staaten","New York Stock Exchange Inc.","USD"
"HBAN","HUNTINGTON BANCSHARES INC","Financials","Aktien","32.113.803,25","0,06","32.113.803,25","2.231.675,00","14,39","Vereinigte Staaten","NASDAQ","USD"
"CFG","CITIZENS FINANCIAL GROUP INC","Financials","Aktien","31.958.501,44","0,06","31.958.501,44","658.124,00","48,56","Vereinigte Staaten","New York Stock Exchange Inc.","USD"
"STX","SEAGATE TECHNOLOGY HOLDINGS PLC","IT","Aktien","31.807.893,78","0,06","31.807.893,78","316.119,00","100,62","Vereinigte Staaten","NASDAQ","USD"
"ESS","ESSEX PROPERTY TRUST REIT INC","Immobilien","Aktien","31.765.807,24","0,06","31.765.807,24","100.582,00","315,82","Vereinigte Staaten","New York Stock Exchange Inc.","USD"
"GWW","WW GRAINGER INC","Industrie","Aktien","31.420.279,64","0,06","31.420.279,64","67.372,00","466,37","Vereinigte Staaten","New York Stock Exchange Inc.","USD"
"COO","COOPER INC","Gesundheitsversorgung","Aktien","31.326.253,20","0,06","31.326.253,20","76.164,00","411,30","Vereinigte Staaten","New York Stock Exchange Inc.","USD"
"GNRC","GENERAC HOLDINGS INC","Industrie","Aktien","31.187.264,16","0,06","31.187.264,16","97.084,00","321,24","Vereinigte Staaten","New York Stock Exchange Inc.","USD"
"DRE","DUKE REALTY REIT CORP","Immobilien","Aktien","31.062.763,97","0,05","31.062.763,97","587.531,00","52,87","Vereinigte Staaten","New York Stock Exchange Inc.","USD"
"ULTA","ULTA BEAUTY INC","Zyklische Konsumgüter ","Aktien","31.030.050,90","0,05","31.030.050,90","84.090,00","369,01","Vereinigte Staaten","NASDAQ","USD"
"HPE","HEWLETT PACKARD ENTERPRISE","IT","Aktien","30.983.330,59","0,05","30.983.330,59","2.010.599,00","15,41","Vereinigte Staaten","New York Stock Exchange Inc.","USD"
"IR","INGERSOLL RAND INC","Industrie","Aktien","30.977.018,75","0,05","30.977.018,75","628.975,00","49,25","Vereinigte Staaten","New York Stock Exchange Inc.","USD"
"ETSY","ETSY INC","Zyklische Konsumgüter ","Aktien","30.840.120,69","0,05","30.840.120,69","195.773,00","157,53","Vereinigte Staaten","NASDAQ","USD"
"TDY","TELEDYNE TECHNOLOGIES INC","IT","Aktien","30.674.272,23","0,05","30.674.272,23","72.051,00","425,73","Vereinigte Staaten","New York Stock Exchange Inc.","USD"
"NDAQ","NASDAQ INC","Financials","Aktien","30.596.670,09","0,05","30.596.670,09","179.991,00","169,99","Vereinigte Staaten","NASDAQ","USD"
"CTRA","COTERRA ENERGY INC","Energie","Aktien","30.403.764,72","0,05","30.403.764,72","1.248.102,00","24,36","Vereinigte Staaten","New York Stock Exchange Inc.","USD"
"PARA","PARAMOUNT GLOBAL CLASS B","Kommunikation","Aktien","30.096.160,50","0,05","30.096.160,50","932.925,00","32,26","Vereinigte Staaten","NASDAQ","USD"
"WAT","WATERS CORP","Gesundheitsversorgung","Aktien","29.680.979,91","0,05","29.680.979,91","94.649,00","313,59","Vereinigte Staaten","New York Stock Exchange Inc.","USD"
"SBNY","SIGNATURE BANK","Financials","Aktien","29.613.274,25","0,05","29.613.274,25","93.491,00","316,75","Vereinigte Staaten","NASDAQ","USD"
"MOS","MOSAIC","Materialien","Aktien","29.549.716,56","0,05","29.549.716,56","569.688,00","51,87","Vereinigte Staaten","New York Stock Exchange Inc.","USD"
"PPL","PPL CORP","Versorger","Aktien","29.479.244,00","0,05","29.479.244,00","1.158.320,00","25,45","Vereinigte Staaten","New York Stock Exchange Inc.","USD"
"RJF","RAYMOND JAMES INC","Financials","Aktien","29.373.256,88","0,05","29.373.256,88","286.066,00","102,68","Vereinigte Staaten","New York Stock Exchange Inc.","USD"
"MPWR","MONOLITHIC POWER SYSTEMS INC","IT","Aktien","29.186.273,40","0,05","29.186.273,40","66.849,00","436,60","Vereinigte Staaten","NASDAQ","USD"
"TER","TERADYNE INC","IT","Aktien","28.811.840,00","0,05","28.811.840,00","251.500,00","114,56","Vereinigte Staaten","NASDAQ","USD"
"TTWO","TAKE TWO INTERACTIVE SOFTWARE INC","Kommunikation","Aktien","28.511.036,60","0,05","28.511.036,60","178.417,00","159,80","Vereinigte Staaten","NASDAQ","USD"
"POOL","POOL CORP","Zyklische Konsumgüter ","Aktien","28.473.503,13","0,05","28.473.503,13","61.563,00","462,51","Vereinigte Staaten","NASDAQ","USD"
"CMS","CMS ENERGY CORP","Versorger","Aktien","28.375.098,57","0,05","28.375.098,57","445.939,00","63,63","Vereinigte Staaten","New York Stock Exchange Inc.","USD"
"FLT","FLEETCOR TECHNOLOGIES INC","IT","Aktien","28.310.328,66","0,05","28.310.328,66","125.206,00","226,11","Vereinigte Staaten","New York Stock Exchange Inc.","USD"
"DRI","DARDEN RESTAURANTS INC","Zyklische Konsumgüter ","Aktien","28.181.400,06","0,05","28.181.400,06","201.454,00","139,89","Vereinigte Staaten","New York Stock Exchange Inc.","USD"
"MOH","MOLINA HEALTHCARE INC","Gesundheitsversorgung","Aktien","28.083.234,60","0,05","28.083.234,60","90.045,00","311,88","Vereinigte Staaten","New York Stock Exchange Inc.","USD"
"HOLX","HOLOGIC INC","Gesundheitsversorgung","Aktien","27.931.185,44","0,05","27.931.185,44","394.063,00","70,88","Vereinigte Staaten","NASDAQ","USD"
"VFC","VF CORP","Zyklische Konsumgüter ","Aktien","27.920.974,90","0,05","27.920.974,90","502.990,00","55,51","Vereinigte Staaten","New York Stock Exchange Inc.","USD"
"CINF","CINCINNATI FINANCIAL CORP","Financials","Aktien","27.783.171,50","0,05","27.783.171,50","231.430,00","120,05","Vereinigte Staaten","NASDAQ","USD"
"MRO","MARATHON OIL CORP","Energie","Aktien","27.676.825,47","0,05","27.676.825,47","1.209.123,00","22,89","Vereinigte Staaten","New York Stock Exchange Inc.","USD"
"CLX","CLOROX","Nichtzyklische Konsumgüter","Aktien","27.380.726,32","0,05","27.380.726,32","188.989,00","144,88","Vereinigte Staaten","New York Stock Exchange Inc.","USD"
"AKAM","AKAMAI TECHNOLOGIES INC","IT","Aktien","27.319.594,90","0,05","27.319.594,90","251.030,00","108,83","Vereinigte Staaten","NASDAQ","USD"
"CZR","CAESARS ENTERTAINMENT INC","Zyklische Konsumgüter ","Aktien","27.243.495,72","0,05","27.243.495,72","328.314,00","82,98","Vereinigte Staaten","NASDAQ","USD"
"CF","CF INDUSTRIES HOLDINGS INC","Materialien","Aktien","26.995.565,25","0,05","26.995.565,25","327.815,00","82,35","Vereinigte Staaten","New York Stock Exchange Inc.","USD"
"CTLT","CATALENT INC","Gesundheitsversorgung","Aktien","26.942.586,00","0,05","26.942.586,00","264.143,00","102,00","Vereinigte Staaten","New York Stock Exchange Inc.","USD"
"OMC","OMNICOM GROUP INC","Kommunikation","Aktien","26.879.208,03","0,05","26.879.208,03","329.281,00","81,63","Vereinigte Staaten","New York Stock Exchange Inc.","USD"
"TYL","TYLER TECHNOLOGIES INC","IT","Aktien","26.703.503,57","0,05","26.703.503,57","63.229,00","422,33","Vereinigte Staaten","New York Stock Exchange Inc.","USD"
"NTAP","NETAPP INC","IT","Aktien","26.707.307,44","0,05","26.707.307,44","345.368,00","77,33","Vereinigte Staaten","NASDAQ","USD"
"AMCR","AMCOR PLC","Materialien","Aktien","26.689.532,96","0,05","26.689.532,96","2.370.296,00","11,26","Vereinigte Staaten","New York Stock Exchange Inc.","USD"
"TRMB","TRIMBLE INC","IT","Aktien","26.635.951,80","0,05","26.635.951,80","387.714,00","68,70","Vereinigte Staaten","NASDAQ","USD"
"GPC","GENUINE PARTS","Zyklische Konsumgüter ","Aktien","26.597.590,23","0,05","26.597.590,23","221.149,00","120,27","Vereinigte Staaten","New York Stock Exchange Inc.","USD"
"BXP","BOSTON PROPERTIES REIT INC","Immobilien","Aktien","26.478.823,32","0,05","26.478.823,32","219.123,00","120,84","Vereinigte Staaten","New York Stock Exchange Inc.","USD"
"KMX","CARMAX INC","Zyklische Konsumgüter ","Aktien","26.463.124,20","0,05","26.463.124,20","251.455,00","105,24","Vereinigte Staaten","New York Stock Exchange Inc.","USD"
"EXPD","EXPEDITORS INTERNATIONAL OF WASHIN","Industrie","Aktien","26.444.979,16","0,05","26.444.979,16","260.516,00","101,51","Vereinigte Staaten","NASDAQ","USD"
"SEDG","SOLAREDGE TECHNOLOGIES INC","IT","Aktien","26.328.791,52","0,05","26.328.791,52","81.104,00","324,63","Vereinigte Staaten","NASDAQ","USD"
"BR","BROADRIDGE FINANCIAL SOLUTIONS INC","IT","Aktien","26.196.039,10","0,05","26.196.039,10","179.057,00","146,30","Vereinigte Staaten","New York Stock Exchange Inc.","USD"
"CNP","CENTERPOINT ENERGY INC","Versorger","Aktien","26.078.142,72","0,05","26.078.142,72","970.169,00","26,88","Vereinigte Staaten","New York Stock Exchange Inc.","USD"
"JBHT","JB HUNT TRANSPORT SERVICES INC","Industrie","Aktien","25.987.092,72","0,05","25.987.092,72","129.702,00","200,36","Vereinigte Staaten","NASDAQ","USD"
"PFG","PRINCIPAL FINANCIAL GROUP INC","Financials","Aktien","25.900.788,42","0,05","25.900.788,42","383.886,00","67,47","Vereinigte Staaten","NASDAQ","USD"
"WAB","WESTINGHOUSE AIR BRAKE TECHNOLOGIE","Industrie","Aktien","25.829.632,53","0,05","25.829.632,53","290.907,00","88,79","Vereinigte Staaten","New York Stock Exchange Inc.","USD"
"NLOK","NORTONLIFELOCK INC","IT","Aktien","25.755.010,32","0,05","25.755.010,32","892.412,00","28,86","Vereinigte Staaten","NASDAQ","USD"
"GRMN","GARMIN LTD","Zyklische Konsumgüter ","Aktien","25.729.110,00","0,05","25.729.110,00","233.901,00","110,00","Vereinigte Staaten","New York Stock Exchange Inc.","USD"
"PEAK","HEALTHPEAK PROPERTIES INC","Immobilien","Aktien","25.526.989,50","0,05","25.526.989,50","830.146,00","30,75","Vereinigte Staaten","New York Stock Exchange Inc.","USD"
"TECH","BIO TECHNE CORP","Gesundheitsversorgung","Aktien","25.491.900,42","0,05","25.491.900,42","60.669,00","420,18","Vereinigte Staaten","NASDAQ","USD"
"CAG","CONAGRA BRANDS INC","Nichtzyklische Konsumgüter","Aktien","25.474.382,98","0,05","25.474.382,98","738.602,00","34,49","Vereinigte Staaten","New York Stock Exchange Inc.","USD"
"RCL","ROYAL CARIBBEAN GROUP LTD","Zyklische Konsumgüter ","Aktien","25.372.169,01","0,04","25.372.169,01","344.403,00","73,67","Vereinigte Staaten","New York Stock Exchange Inc.","USD"
"MGM","MGM RESORTS INTERNATIONAL","Zyklische Konsumgüter ","Aktien","25.172.918,08","0,04","25.172.918,08","600.499,00","41,92","Vereinigte Staaten","New York Stock Exchange Inc.","USD"
"K","KELLOGG","Nichtzyklische Konsumgüter","Aktien","25.005.491,88","0,04","25.005.491,88","394.782,00","63,34","Vereinigte Staaten","New York Stock Exchange Inc.","USD"
"DGX","QUEST DIAGNOSTICS INC","Gesundheitsversorgung","Aktien","24.994.090,88","0,04","24.994.090,88","189.464,00","131,92","Vereinigte Staaten","New York Stock Exchange Inc.","USD"
"PAYC","PAYCOM SOFTWARE INC","IT","Aktien","24.848.734,40","0,04","24.848.734,40","74.264,00","334,60","Vereinigte Staaten","New York Stock Exchange Inc.","USD"
"IP","INTERNATIONAL PAPER","Materialien","Aktien","24.830.384,39","0,04","24.830.384,39","601.657,00","41,27","Vereinigte Staaten","New York Stock Exchange Inc.","USD"
"NVR","NVR INC","Zyklische Konsumgüter ","Aktien","24.808.174,08","0,04","24.808.174,08","5.056,00","4.906,68","Vereinigte Staaten","New York Stock Exchange Inc.","USD"
"J","JACOBS ENGINEERING GROUP INC","Industrie","Aktien","24.587.115,79","0,04","24.587.115,79","199.879,00","123,01","Vereinigte Staaten","New York Stock Exchange Inc.","USD"
"DPZ","DOMINOS PIZZA INC","Zyklische Konsumgüter ","Aktien","24.492.476,28","0,04","24.492.476,28","56.668,00","432,21","Vereinigte Staaten","New York Stock Exchange Inc.","USD"
"UDR","UDR REIT INC","Immobilien","Aktien","24.345.489,39","0,04","24.345.489,39","448.269,00","54,31","Vereinigte Staaten","New York Stock Exchange Inc.","USD"
"LYV","LIVE NATION ENTERTAINMENT INC","Kommunikation","Aktien","24.332.066,70","0,04","24.332.066,70","208.501,00","116,70","Vereinigte Staaten","New York Stock Exchange Inc.","USD"
"BRO","BROWN & BROWN INC","Financials","Aktien","24.213.961,35","0,04","24.213.961,35","362.105,00","66,87","Vereinigte Staaten","New York Stock Exchange Inc.","USD"
"TXT","TEXTRON INC","Industrie","Aktien","24.170.338,44","0,04","24.170.338,44","340.092,00","71,07","Vereinigte Staaten","New York Stock Exchange Inc.","USD"
"XYL","XYLEM INC","Industrie","Aktien","24.159.016,08","0,04","24.159.016,08","278.458,00","86,76","Vereinigte Staaten","New York Stock Exchange Inc.","USD"
"CEG","CONSTELLATION ENERGY CORP","Versorger","Aktien","24.041.428,56","0,04","24.041.428,56","503.064,00","47,79","Vereinigte Staaten","NASDAQ","USD"
"EMN","EASTMAN CHEMICAL","Materialien","Aktien","23.979.247,80","0,04","23.979.247,80","209.243,00","114,60","Vereinigte Staaten","New York Stock Exchange Inc.","USD"
"TFX","TELEFLEX INC","Gesundheitsversorgung","Aktien","23.928.631,44","0,04","23.928.631,44","71.806,00","333,24","Vereinigte Staaten","New York Stock Exchange Inc.","USD"
"FDS","FACTSET RESEARCH SYSTEMS INC","Financials","Aktien","23.903.118,82","0,04","23.903.118,82","58.037,00","411,86","Vereinigte Staaten","New York Stock Exchange Inc.","USD"
"PWR","QUANTA SERVICES INC","Industrie","Aktien","23.830.454,63","0,04","23.830.454,63","219.899,00","108,37","Vereinigte Staaten","New York Stock Exchange Inc.","USD"
"WDC","WESTERN DIGITAL CORP","IT","Aktien","23.798.800,69","0,04","23.798.800,69","480.881,00","49,49","Vereinigte Staaten","NASDAQ","USD"
"CCL","CARNIVAL CORP","Zyklische Konsumgüter ","Aktien","23.429.476,24","0,04","23.429.476,24","1.242.284,00","18,86","Vereinigte Staaten","New York Stock Exchange Inc.","USD"
"FMC","FMC CORP","Materialien","Aktien","23.108.643,22","0,04","23.108.643,22","199.058,00","116,09","Vereinigte Staaten","New York Stock Exchange Inc.","USD"
"CAH","CARDINAL HEALTH INC","Gesundheitsversorgung","Aktien","22.973.548,14","0,04","22.973.548,14","434.858,00","52,83","Vereinigte Staaten","New York Stock Exchange Inc.","USD"
"CE","CELANESE CORP","Materialien","Aktien","22.796.170,74","0,04","22.796.170,74","168.039,00","135,66","Vereinigte Staaten","New York Stock Exchange Inc.","USD"
"LDOS","LEIDOS HOLDINGS INC","Industrie","Aktien","22.787.000,75","0,04","22.787.000,75","217.537,00","104,75","Vereinigte Staaten","New York Stock Exchange Inc.","USD"
"QRVO","QORVO INC","IT","Aktien","22.651.644,54","0,04","22.651.644,54","170.814,00","132,61","Vereinigte Staaten","NASDAQ","USD"
"ATO","ATMOS ENERGY CORP","Versorger","Aktien","22.465.074,94","0,04","22.465.074,94","204.358,00","109,93","Vereinigte Staaten","New York Stock Exchange Inc.","USD"
"MKTX","MARKETAXESS HOLDINGS INC","Financials","Aktien","22.281.308,28","0,04","22.281.308,28","58.652,00","379,89","Vereinigte Staaten","NASDAQ","USD"
"IRM","IRON MOUNTAIN INC","Immobilien","Aktien","22.207.357,66","0,04","22.207.357,66","447.098,00","49,67","Vereinigte Staaten","New York Stock Exchange Inc.","USD"
"IEX","IDEX CORP","Industrie","Aktien","22.109.114,16","0,04","22.109.114,16","117.153,00","188,72","Vereinigte Staaten","New York Stock Exchange Inc.","USD"
"LNT","ALLIANT ENERGY CORP","Versorger","Aktien","22.061.148,51","0,04","22.061.148,51","385.213,00","57,27","Vereinigte Staaten","NASDAQ","USD"
"ABMD","ABIOMED INC","Gesundheitsversorgung","Aktien","22.040.854,92","0,04","22.040.854,92","70.308,00","313,49","Vereinigte Staaten","NASDAQ","USD"
"CRL","CHARLES RIVER LABORATORIES INTERNA","Gesundheitsversorgung","Aktien","22.011.958,28","0,04","22.011.958,28","77.387,00","284,44","Vereinigte Staaten","New York Stock Exchange Inc.","USD"
"KIM","KIMCO REALTY REIT CORP","Immobilien","Aktien","21.793.161,12","0,04","21.793.161,12","950.836,00","22,92","Vereinigte Staaten","New York Stock Exchange Inc.","USD"
"HRL","HORMEL FOODS CORP","Nichtzyklische Konsumgüter","Aktien","21.518.937,50","0,04","21.518.937,50","434.375,00","49,54","Vereinigte Staaten","New York Stock Exchange Inc.","USD"
"EVRG","EVERGY INC","Versorger","Aktien","21.504.216,24","0,04","21.504.216,24","353.223,00","60,88","Vereinigte Staaten","New York Stock Exchange Inc.","USD"
"IPG","INTERPUBLIC GROUP OF COMPANIES INC","Kommunikation","Aktien","21.476.588,42","0,04","21.476.588,42","605.486,00","35,47","Vereinigte Staaten","New York Stock Exchange Inc.","USD"
"CHRW","CH ROBINSON WORLDWIDE INC","Industrie","Aktien","21.461.475,72","0,04","21.461.475,72","204.746,00","104,82","Vereinigte Staaten","NASDAQ","USD"
"AVY","AVERY DENNISON CORP","Materialien","Aktien","21.359.138,30","0,04","21.359.138,30","127.945,00","166,94","Vereinigte Staaten","New York Stock Exchange Inc.","USD"
"LVS","LAS VEGAS SANDS CORP","Zyklische Konsumgüter ","Aktien","21.292.021,40","0,04","21.292.021,40","528.338,00","40,30","Vereinigte Staaten","New York Stock Exchange Inc.","USD"
"SJM","JM SMUCKER","Nichtzyklische Konsumgüter","Aktien","21.248.918,80","0,04","21.248.918,80","168.215,00","126,32","Vereinigte Staaten","New York Stock Exchange Inc.","USD"
"AES","AES CORP","Versorger","Aktien","21.187.287,42","0,04","21.187.287,42","1.025.026,00","20,67","Vereinigte Staaten","New York Stock Exchange Inc.","USD"
"APA","APA CORP","Energie","Aktien","20.918.757,75","0,04","20.918.757,75","560.975,00","37,29","Vereinigte Staaten","NASDAQ","USD"
"BBWI","BATH AND BODY WORKS INC","Zyklische Konsumgüter ","Aktien","20.870.118,00","0,04","20.870.118,00","409.700,00","50,94","Vereinigte Staaten","New York Stock Exchange Inc.","USD"
"UAL","UNITED AIRLINES HOLDINGS INC","Industrie","Aktien","20.849.544,45","0,04","20.849.544,45","498.197,00","41,85","Vereinigte Staaten","NASDAQ","USD"
"PKG","PACKAGING CORP OF AMERICA","Materialien","Aktien","20.787.750,64","0,04","20.787.750,64","145.247,00","143,12","Vereinigte Staaten","New York Stock Exchange Inc.","USD"
"FOXA","FOX CORP CLASS A","Kommunikation","Aktien","20.766.075,48","0,04","20.766.075,48","503.298,00","41,26","Vereinigte Staaten","NASDAQ","USD"
"MAS","MASCO CORP","Industrie","Aktien","20.739.635,88","0,04","20.739.635,88","379.986,00","54,58","Vereinigte Staaten","New York Stock Exchange Inc.","USD"
"BIO","BIO RAD LABORATORIES INC CLASS A","Gesundheitsversorgung","Aktien","20.506.937,50","0,04","20.506.937,50","33.250,00","616,75","Vereinigte Staaten","New York Stock Exchange Inc.","USD"
"JKHY","JACK HENRY AND ASSOCIATES INC","IT","Aktien","20.460.340,24","0,04","20.460.340,24","114.227,00","179,12","Vereinigte Staaten","NASDAQ","USD"
"INCY","INCYTE CORP","Gesundheitsversorgung","Aktien","19.927.809,00","0,04","19.927.809,00","290.070,00","68,70","Vereinigte Staaten","NASDAQ","USD"
"RHI","ROBERT HALF","Industrie","Aktien","19.845.448,94","0,04","19.845.448,94","174.742,00","113,57","Vereinigte Staaten","New York Stock Exchange Inc.","USD"
"HWM","HOWMET AEROSPACE INC","Industrie","Aktien","19.778.092,95","0,04","19.778.092,95","597.345,00","33,11","Vereinigte Staaten","New York Stock Exchange Inc.","USD"
"CTXS","CITRIX SYSTEMS INC","IT","Aktien","19.625.204,22","0,03","19.625.204,22","191.167,00","102,66","Vereinigte Staaten","NASDAQ","USD"
"AAP","ADVANCE AUTO PARTS INC","Zyklische Konsumgüter ","Aktien","19.557.345,06","0,03","19.557.345,06","97.218,00","201,17","Vereinigte Staaten","New York Stock Exchange Inc.","USD"
"CBOE","CBOE GLOBAL MARKETS INC","Financials","Aktien","19.399.178,40","0,03","19.399.178,40","165.522,00","117,20","Vereinigte Staaten","Cboe BZX formerly known as BATS","USD"
"HST","HOST HOTELS & RESORTS REIT INC","Immobilien","Aktien","19.189.941,68","0,03","19.189.941,68","1.101.604,00","17,42","Vereinigte Staaten","NASDAQ","USD"
"PHM","PULTEGROUP INC","Zyklische Konsumgüter ","Aktien","19.179.196,50","0,03","19.179.196,50","390.615,00","49,10","Vereinigte Staaten","New York Stock Exchange Inc.","USD"
"LKQ","LKQ CORP","Zyklische Konsumgüter ","Aktien","19.063.680,98","0,03","19.063.680,98","415.693,00","45,86","Vereinigte Staaten","NASDAQ","USD"
"WRB","WR BERKLEY CORP","Financials","Aktien","19.032.418,48","0,03","19.032.418,48","215.836,00","88,18","Vereinigte Staaten","New York Stock Exchange Inc.","USD"
"HAS","HASBRO INC","Zyklische Konsumgüter ","Aktien","18.970.637,40","0,03","18.970.637,40","200.070,00","94,82","Vereinigte Staaten","NASDAQ","USD"
"HSIC","HENRY SCHEIN INC","Gesundheitsversorgung","Aktien","18.908.190,63","0,03","18.908.190,63","219.073,00","86,31","Vereinigte Staaten","NASDAQ","USD"
"VTRS","VIATRIS INC","Gesundheitsversorgung","Aktien","18.888.145,15","0,03","18.888.145,15","1.860.901,00","10,15","Vereinigte Staaten","NASDAQ","USD"
"WHR","WHIRLPOOL CORP","Zyklische Konsumgüter ","Aktien","18.851.226,40","0,03","18.851.226,40","93.680,00","201,23","Vereinigte Staaten","New York Stock Exchange Inc.","USD"
"L","LOEWS CORP","Financials","Aktien","18.660.330,36","0,03","18.660.330,36","312.516,00","59,71","Vereinigte Staaten","New York Stock Exchange Inc.","USD"
"NDSN","NORDSON CORP","Industrie","Aktien","18.637.414,64","0,03","18.637.414,64","83.486,00","223,24","Vereinigte Staaten","NASDAQ","USD"
"EPAM","EPAM SYSTEMS INC","IT","Aktien","18.480.663,79","0,03","18.480.663,79","87.499,00","211,21","Vereinigte Staaten","New York Stock Exchange Inc.","USD"
"FFIV","F5 INC","IT","Aktien","18.296.166,35","0,03","18.296.166,35","93.115,00","196,49","Vereinigte Staaten","NASDAQ","USD"
"BFB","BROWN FORMAN CORP CLASS B","Nichtzyklische Konsumgüter","Aktien","18.188.834,40","0,03","18.188.834,40","282.260,00","64,44","Vereinigte Staaten","New York Stock Exchange Inc.","USD"
"XRAY","DENTSPLY SIRONA INC","Gesundheitsversorgung","Aktien","18.189.834,48","0,03","18.189.834,48","334.618,00","54,36","Vereinigte Staaten","NASDAQ","USD"
"CMA","COMERICA INC","Financials","Aktien","18.037.583,88","0,03","18.037.583,88","205.932,00","87,59","Vereinigte Staaten","New York Stock Exchange Inc.","USD"
"PTC","PTC INC","IT","Aktien","17.971.343,79","0,03","17.971.343,79","163.183,00","110,13","Vereinigte Staaten","NASDAQ","USD"
"FBHS","FORTUNE BRANDS HOME AND SECURITY I","Industrie","Aktien","17.802.612,75","0,03","17.802.612,75","212.315,00","83,85","Vereinigte Staaten","New York Stock Exchange Inc.","USD"
"WRK","WESTROCK","Materialien","Aktien","17.788.902,03","0,03","17.788.902,03","409.977,00","43,39","Vereinigte Staaten","New York Stock Exchange Inc.","USD"
"RE","EVEREST RE GROUP LTD","Financials","Aktien","17.419.546,53","0,03","17.419.546,53","61.317,00","284,09","Vereinigte Staaten","New York Stock Exchange Inc.","USD"
"NI","NISOURCE INC","Versorger","Aktien","17.397.024,90","0,03","17.397.024,90","607.226,00","28,65","Vereinigte Staaten","New York Stock Exchange Inc.","USD"
"SNA","SNAP ON INC","Industrie","Aktien","16.769.434,00","0,03","16.769.434,00","83.017,00","202,00","Vereinigte Staaten","New York Stock Exchange Inc.","USD"
"JNPR","JUNIPER NETWORKS INC","IT","Aktien","16.704.407,60","0,03","16.704.407,60","504.970,00","33,08","Vereinigte Staaten","New York Stock Exchange Inc.","USD"
"TPR","TAPESTRY INC","Zyklische Konsumgüter ","Aktien","16.676.346,52","0,03","16.676.346,52","429.692,00","38,81","Vereinigte Staaten","New York Stock Exchange Inc.","USD"
"UHS","UNIVERSAL HEALTH SERVICES INC CLAS","Gesundheitsversorgung","Aktien","16.346.375,76","0,03","16.346.375,76","112.827,00","144,88","Vereinigte Staaten","New York Stock Exchange Inc.","USD"
"LNC","LINCOLN NATIONAL CORP","Financials","Aktien","16.323.089,76","0,03","16.323.089,76","262.092,00","62,28","Vereinigte Staaten","New York Stock Exchange Inc.","USD"
"AAL","AMERICAN AIRLINES GROUP INC","Industrie","Aktien","16.288.810,83","0,03","16.288.810,83","999.927,00","16,29","Vereinigte Staaten","NASDAQ","USD"
"ALLE","ALLEGION PLC","Industrie","Aktien","15.882.903,54","0,03","15.882.903,54","138.558,00","114,63","Vereinigte Staaten","New York Stock Exchange Inc.","USD"
"ZION","ZIONS BANCORPORATION","Financials","Aktien","15.677.490,10","0,03","15.677.490,10","241.415,00","64,94","Vereinigte Staaten","NASDAQ","USD"
"REG","REGENCY CENTERS REIT CORP","Immobilien","Aktien","15.663.609,60","0,03","15.663.609,60","241.536,00","64,85","Vereinigte Staaten","NASDAQ","USD"
"SEE","SEALED AIR CORP","Materialien","Aktien","15.240.023,55","0,03","15.240.023,55","230.595,00","66,09","Vereinigte Staaten","New York Stock Exchange Inc.","USD"
"CDAY","CERIDIAN HCM HOLDING INC","IT","Aktien","14.902.376,45","0,03","14.902.376,45","210.337,00","70,85","Vereinigte Staaten","New York Stock Exchange Inc.","USD"
"LUMN","LUMEN TECHNOLOGIES INC","Kommunikation","Aktien","14.812.582,26","0,03","14.812.582,26","1.421.553,00","10,42","Vereinigte Staaten","New York Stock Exchange Inc.","USD"
"OGN","ORGANON","Gesundheitsversorgung","Aktien","14.581.829,44","0,03","14.581.829,44","389.264,00","37,46","Vereinigte Staaten","New York Stock Exchange Inc.","USD"
"TAP","MOLSON COORS BREWING CLASS B","Nichtzyklische Konsumgüter","Aktien","14.518.425,60","0,03","14.518.425,60","288.064,00","50,40","Vereinigte Staaten","New York Stock Exchange Inc.","USD"
"AIZ","ASSURANT INC","Financials","Aktien","14.513.387,52","0,03","14.513.387,52","87.896,00","165,12","Vereinigte Staaten","New York Stock Exchange Inc.","USD"
"BWA","BORGWARNER INC","Zyklische Konsumgüter ","Aktien","14.375.448,45","0,03","14.375.448,45","370.215,00","38,83","Vereinigte Staaten","New York Stock Exchange Inc.","USD"
"GL","GLOBE LIFE INC","Financials","Aktien","14.331.362,00","0,03","14.331.362,00","147.746,00","97,00","Vereinigte Staaten","New York Stock Exchange Inc.","USD"
"LW","LAMB WESTON HOLDINGS INC","Nichtzyklische Konsumgüter","Aktien","14.312.512,50","0,03","14.312.512,50","224.510,00","63,75","Vereinigte Staaten","New York Stock Exchange Inc.","USD"
"PNR","PENTAIR","Industrie","Aktien","14.296.308,36","0,03","14.296.308,36","255.109,00","56,04","Vereinigte Staaten","New York Stock Exchange Inc.","USD"
"NRG","NRG ENERGY INC","Versorger","Aktien","13.835.286,36","0,02","13.835.286,36","378.634,00","36,54","Vereinigte Staaten","New York Stock Exchange Inc.","USD"
"AOS","A O SMITH CORP","Industrie","Aktien","13.820.527,86","0,02","13.820.527,86","207.422,00","66,63","Vereinigte Staaten","New York Stock Exchange Inc.","USD"
"CPB","CAMPBELL SOUP","Nichtzyklische Konsumgüter","Aktien","13.758.573,28","0,02","13.758.573,28","309.808,00","44,41","Vereinigte Staaten","New York Stock Exchange Inc.","USD"
"NWL","NEWELL BRANDS INC","Zyklische Konsumgüter ","Aktien","13.223.639,83","0,02","13.223.639,83","578.209,00","22,87","Vereinigte Staaten","NASDAQ","USD"
"WYNN","WYNN RESORTS LTD","Zyklische Konsumgüter ","Aktien","13.157.918,80","0,02","13.157.918,80","161.170,00","81,64","Vereinigte Staaten","NASDAQ","USD"
"NWSA","NEWS CORP CLASS A","Kommunikation","Aktien","13.076.346,05","0,02","13.076.346,05","606.791,00","21,55","Vereinigte Staaten","NASDAQ","USD"
"PENN","PENN NATIONAL GAMING INC","Zyklische Konsumgüter ","Aktien","12.981.206,70","0,02","12.981.206,70","255.435,00","50,82","Vereinigte Staaten","NASDAQ","USD"
"DISCK","DISCOVERY INC SERIES C","Kommunikation","Aktien","12.923.381,25","0,02","12.923.381,25","462.375,00","27,95","Vereinigte Staaten","NASDAQ","USD"
"FRT","FEDERAL REALTY INVESTMENT TRUST RE","Immobilien","Aktien","12.787.820,40","0,02","12.787.820,40","109.861,00","116,40","Vereinigte Staaten","New York Stock Exchange Inc.","USD"
"HII","HUNTINGTON INGALLS INDUSTRIES INC","Industrie","Aktien","12.661.587,15","0,02","12.661.587,15","62.021,00","204,15","Vereinigte Staaten","New York Stock Exchange Inc.","USD"
"PBCT","PEOPLES UNITED FINANCIAL INC","Financials","Aktien","12.643.936,49","0,02","12.643.936,49","650.743,00","19,43","Vereinigte Staaten","NASDAQ","USD"
"BEN","FRANKLIN RESOURCES INC","Financials","Aktien","12.169.282,32","0,02","12.169.282,32","433.379,00","28,08","Vereinigte Staaten","New York Stock Exchange Inc.","USD"
"PNW","PINNACLE WEST CORP","Versorger","Aktien","12.065.175,28","0,02","12.065.175,28","172.804,00","69,82","Vereinigte Staaten","New York Stock Exchange Inc.","USD"
"DISH","DISH NETWORK CORP CLASS A","Kommunikation","Aktien","11.932.000,00","0,02","11.932.000,00","381.824,00","31,25","Vereinigte Staaten","NASDAQ","USD"
"DXC","DXC TECHNOLOGY","IT","Aktien","11.834.336,82","0,02","11.834.336,82","393.298,00","30,09","Vereinigte Staaten","New York Stock Exchange Inc.","USD"
"MHK","MOHAWK INDUSTRIES INC","Zyklische Konsumgüter ","Aktien","11.803.058,96","0,02","11.803.058,96","86.116,00","137,06","Vereinigte Staaten","New York Stock Exchange Inc.","USD"
"ROL","ROLLINS INC","Industrie","Aktien","11.577.217,12","0,02","11.577.217,12","349.132,00","33,16","Vereinigte Staaten","New York Stock Exchange Inc.","USD"
"DVA","DAVITA INC","Gesundheitsversorgung","Aktien","11.447.573,22","0,02","11.447.573,22","103.122,00","111,01","Vereinigte Staaten","New York Stock Exchange Inc.","USD"
"NCLH","NORWEGIAN CRUISE LINE HOLDINGS LTD","Zyklische Konsumgüter ","Aktien","10.520.608,56","0,02","10.520.608,56","569.297,00","18,48","Vereinigte Staaten","New York Stock Exchange Inc.","USD"
"IVZ","INVESCO LTD","Financials","Aktien","10.336.929,21","0,02","10.336.929,21","524.451,00","19,71","Vereinigte Staaten","New York Stock Exchange Inc.","USD"
"VNO","VORNADO REALTY TRUST REIT","Immobilien","Aktien","10.175.307,48","0,02","10.175.307,48","241.579,00","42,12","Vereinigte Staaten","New York Stock Exchange Inc.","USD"
"ALK","ALASKA AIR GROUP INC","Industrie","Aktien","9.924.658,46","0,02","9.924.658,46","189.619,00","52,34","Vereinigte Staaten","New York Stock Exchange Inc.","USD"
"PVH","PVH CORP","Zyklische Konsumgüter ","Aktien","9.812.104,64","0,02","9.812.104,64","109.706,00","89,44","Vereinigte Staaten","New York Stock Exchange Inc.","USD"
"NLSN","NIELSEN HOLDINGS PLC","Industrie","Aktien","9.531.368,91","0,02","9.531.368,91","546.837,00","17,43","Vereinigte Staaten","New York Stock Exchange Inc.","USD"
"RL","RALPH LAUREN CORP CLASS A","Zyklische Konsumgüter ","Aktien","9.196.375,60","0,02","9.196.375,60","73.748,00","124,70","Vereinigte Staaten","New York Stock Exchange Inc.","USD"
"FOX","FOX CORP CLASS B","Kommunikation","Aktien","8.923.879,40","0,02","8.923.879,40","237.085,00","37,64","Vereinigte Staaten","NASDAQ","USD"
"MLIFT","CASH COLLATERAL USD MLIFT","Cash und/oder Derivate","Cash Collateral and Margins","8.129.291,82","0,01","8.129.291,82","8.007.000,00","100,00","Vereinigte Staaten","-","USD"
"DISCA","DISCOVERY INC SERIES A","Kommunikation","Aktien","7.301.516,28","0,01","7.301.516,28","259.748,00","28,11","Vereinigte Staaten","NASDAQ","USD"
"IPGP","IPG PHOTONICS CORP","IT","Aktien","6.669.989,76","0,01","6.669.989,76","54.888,00","121,52","Vereinigte Staaten","NASDAQ","USD"
"UA","UNDER ARMOUR INC CLASS C","Zyklische Konsumgüter ","Aktien","5.069.231,68","0,01","5.069.231,68","331.756,00","15,28","Vereinigte Staaten","New York Stock Exchange Inc.","USD"
"UAA","UNDER ARMOUR INC CLASS A","Zyklische Konsumgüter ","Aktien","4.977.084,56","0,01","4.977.084,56","288.694,00","17,24","Vereinigte Staaten","New York Stock Exchange Inc.","USD"
"NWS","NEWS CORP CLASS B","Kommunikation","Aktien","4.038.233,04","0,01","4.038.233,04","187.476,00","21,54","Vereinigte Staaten","NASDAQ","USD"
"ZIMV","ZIMVIE INC","Gesundheitsversorgung","Aktien","820.840,56","0,00","820.840,56","32.152,00","25,53","Vereinigte Staaten","NASDAQ","USD"
"GBP","GBP CASH","Cash und/oder Derivate","Geldmarkt","102.399,13","0,00","102.399,13","76.692,00","133,52","Vereinigtes Königreich","-","GBP"
"MXN","MXN CASH","Cash und/oder Derivate","Geldmarkt","41.095,32","0,00","41.095,32","843.153,00","4,87","Mexiko","-","MXN"
"EUR","EUR CASH","Cash und/oder Derivate","Geldmarkt","3.760,04","0,00","3.760,04","3.375,00","111,41","Europäische Union","-","EUR"
"ESH2","S&P500 EMINI MAR 22","Cash und/oder Derivate","Futures","0,00","0,00","131.909.937,50","613,00","4.303,75","-","Index And Options Market","USD"
 